ciudad_id,ciudad,region,lat,lon,fecha,temp_max,temp_min,temp_prom
ba,Buenos Aires,pampa,-34.6037,-58.3816,2024-09-07,21.3,7.6,14.4
ba,Buenos Aires,pampa,-34.6037,-58.3816,2024-09-08,19.0,8.6,13.8
ba,Buenos Aires,pampa,-34.6037,-58.3816,2024-09-09,16.9,11.8,14.3
ba,Buenos Aires,pampa,-34.6037,-58.3816,2024-09-10,17.8,12.4,15.1
ba,Buenos Aires,pampa,-34.6037,-58.3816,2024-09-11,17.3,12.1,14.7
ba,Buenos Aires,pampa,-34.6037,-58.3816,2024-09-12,16.9,7.7,12.3
ba,Buenos Aires,pampa,-34.6037,-58.3816,2024-09-13,17.4,9.2,13.3
ba,Buenos Aires,pampa,-34.6037,-58.3816,2024-09-14,17.4,8.5,12.9
ba,Buenos Aires,pampa,-34.6037,-58.3816,2024-09-15,18.0,9.2,13.6
ba,Buenos Aires,pampa,-34.6037,-58.3816,2024-09-16,23.9,9.5,16.7
ba,Buenos Aires,pampa,-34.6037,-58.3816,2024-09-17,22.0,13.9,17.9
ba,Buenos Aires,pampa,-34.6037,-58.3816,2024-09-18,23.1,15.4,19.2
ba,Buenos Aires,pampa,-34.6037,-58.3816,2024-09-19,23.7,15.5,19.6
ba,Buenos Aires,pampa,-34.6037,-58.3816,2024-09-20,22.5,10.6,16.6
ba,Buenos Aires,pampa,-34.6037,-58.3816,2024-09-21,24.1,14.7,19.4
ba,Buenos Aires,pampa,-34.6037,-58.3816,2024-09-22,25.0,13.8,19.4
ba,Buenos Aires,pampa,-34.6037,-58.3816,2024-09-23,19.5,10.9,15.2
ba,Buenos Aires,pampa,-34.6037,-58.3816,2024-09-24,19.6,12.2,15.9
ba,Buenos Aires,pampa,-34.6037,-58.3816,2024-09-25,19.7,13.9,16.8
ba,Buenos Aires,pampa,-34.6037,-58.3816,2024-09-26,19.8,10.1,14.9
ba,Buenos Aires,pampa,-34.6037,-58.3816,2024-09-27,19.0,10.3,14.7
ba,Buenos Aires,pampa,-34.6037,-58.3816,2024-09-28,23.3,13.2,18.2
ba,Buenos Aires,pampa,-34.6037,-58.3816,2024-09-29,25.1,15.1,20.1
ba,Buenos Aires,pampa,-34.6037,-58.3816,2024-09-30,30.3,18.5,24.4
ba,Buenos Aires,pampa,-34.6037,-58.3816,2024-10-01,21.2,12.7,16.9
ba,Buenos Aires,pampa,-34.6037,-58.3816,2024-10-02,18.5,11.0,14.8
ba,Buenos Aires,pampa,-34.6037,-58.3816,2024-10-03,17.7,7.8,12.8
ba,Buenos Aires,pampa,-34.6037,-58.3816,2024-10-04,21.3,12.4,16.9
ba,Buenos Aires,pampa,-34.6037,-58.3816,2024-10-05,22.9,13.9,18.4
ba,Buenos Aires,pampa,-34.6037,-58.3816,2024-10-06,20.2,13.4,16.8
ba,Buenos Aires,pampa,-34.6037,-58.3816,2024-10-07,20.2,16.1,18.1
ba,Buenos Aires,pampa,-34.6037,-58.3816,2024-10-08,21.0,13.2,17.1
ba,Buenos Aires,pampa,-34.6037,-58.3816,2024-10-09,19.4,13.2,16.3
ba,Buenos Aires,pampa,-34.6037,-58.3816,2024-10-10,20.3,15.2,17.8
ba,Buenos Aires,pampa,-34.6037,-58.3816,2024-10-11,27.6,14.2,20.9
ba,Buenos Aires,pampa,-34.6037,-58.3816,2024-10-12,22.4,13.6,18.0
ba,Buenos Aires,pampa,-34.6037,-58.3816,2024-10-13,19.2,15.3,17.2
ba,Buenos Aires,pampa,-34.6037,-58.3816,2024-10-14,20.5,16.2,18.4
ba,Buenos Aires,pampa,-34.6037,-58.3816,2024-10-15,25.0,15.7,20.4
ba,Buenos Aires,pampa,-34.6037,-58.3816,2024-10-16,21.6,14.9,18.2
ba,Buenos Aires,pampa,-34.6037,-58.3816,2024-10-17,25.2,15.8,20.5
ba,Buenos Aires,pampa,-34.6037,-58.3816,2024-10-18,24.0,15.0,19.5
ba,Buenos Aires,pampa,-34.6037,-58.3816,2024-10-19,26.6,15.8,21.2
ba,Buenos Aires,pampa,-34.6037,-58.3816,2024-10-20,28.9,18.5,23.7
ba,Buenos Aires,pampa,-34.6037,-58.3816,2024-10-21,30.7,21.6,26.1
ba,Buenos Aires,pampa,-34.6037,-58.3816,2024-10-22,26.4,19.9,23.1
ba,Buenos Aires,pampa,-34.6037,-58.3816,2024-10-23,23.7,18.8,21.2
ba,Buenos Aires,pampa,-34.6037,-58.3816,2024-10-24,19.8,14.8,17.3
ba,Buenos Aires,pampa,-34.6037,-58.3816,2024-10-25,20.0,11.5,15.8
ba,Buenos Aires,pampa,-34.6037,-58.3816,2024-10-26,23.1,8.1,15.6
ba,Buenos Aires,pampa,-34.6037,-58.3816,2024-10-27,25.3,12.8,19.1
ba,Buenos Aires,pampa,-34.6037,-58.3816,2024-10-28,27.1,15.7,21.4
ba,Buenos Aires,pampa,-34.6037,-58.3816,2024-10-29,27.6,17.9,22.8
ba,Buenos Aires,pampa,-34.6037,-58.3816,2024-10-30,26.3,19.2,22.8
ba,Buenos Aires,pampa,-34.6037,-58.3816,2024-10-31,26.2,19.4,22.8
ba,Buenos Aires,pampa,-34.6037,-58.3816,2024-11-01,29.7,21.3,25.5
ba,Buenos Aires,pampa,-34.6037,-58.3816,2024-11-02,25.0,19.3,22.1
ba,Buenos Aires,pampa,-34.6037,-58.3816,2024-11-03,22.3,14.3,18.3
ba,Buenos Aires,pampa,-34.6037,-58.3816,2024-11-04,23.4,17.5,20.4
ba,Buenos Aires,pampa,-34.6037,-58.3816,2024-11-05,23.0,14.1,18.6
ba,Buenos Aires,pampa,-34.6037,-58.3816,2024-11-06,23.6,15.4,19.5
ba,Buenos Aires,pampa,-34.6037,-58.3816,2024-11-07,22.7,15.5,19.1
ba,Buenos Aires,pampa,-34.6037,-58.3816,2024-11-08,22.4,14.1,18.2
ba,Buenos Aires,pampa,-34.6037,-58.3816,2024-11-09,26.1,17.4,21.8
ba,Buenos Aires,pampa,-34.6037,-58.3816,2024-11-10,28.8,19.3,24.1
ba,Buenos Aires,pampa,-34.6037,-58.3816,2024-11-11,22.7,13.6,18.1
ba,Buenos Aires,pampa,-34.6037,-58.3816,2024-11-12,23.6,10.0,16.8
ba,Buenos Aires,pampa,-34.6037,-58.3816,2024-11-13,26.6,15.2,20.9
ba,Buenos Aires,pampa,-34.6037,-58.3816,2024-11-14,29.0,18.6,23.8
ba,Buenos Aires,pampa,-34.6037,-58.3816,2024-11-15,30.8,21.4,26.1
ba,Buenos Aires,pampa,-34.6037,-58.3816,2024-11-16,32.4,22.5,27.4
ba,Buenos Aires,pampa,-34.6037,-58.3816,2024-11-17,23.7,14.9,19.3
ba,Buenos Aires,pampa,-34.6037,-58.3816,2024-11-18,23.5,12.6,18.1
ba,Buenos Aires,pampa,-34.6037,-58.3816,2024-11-19,21.1,16.5,18.8
ba,Buenos Aires,pampa,-34.6037,-58.3816,2024-11-20,24.2,18.2,21.2
ba,Buenos Aires,pampa,-34.6037,-58.3816,2024-11-21,24.8,18.6,21.7
ba,Buenos Aires,pampa,-34.6037,-58.3816,2024-11-22,25.8,18.8,22.3
ba,Buenos Aires,pampa,-34.6037,-58.3816,2024-11-23,26.9,19.6,23.2
ba,Buenos Aires,pampa,-34.6037,-58.3816,2024-11-24,31.9,21.2,26.5
ba,Buenos Aires,pampa,-34.6037,-58.3816,2024-11-25,27.2,21.6,24.4
ba,Buenos Aires,pampa,-34.6037,-58.3816,2024-11-26,26.2,21.3,23.8
ba,Buenos Aires,pampa,-34.6037,-58.3816,2024-11-27,23.9,20.2,22.0
ba,Buenos Aires,pampa,-34.6037,-58.3816,2024-11-28,25.4,19.8,22.6
ba,Buenos Aires,pampa,-34.6037,-58.3816,2024-11-29,26.5,17.6,22.1
ba,Buenos Aires,pampa,-34.6037,-58.3816,2024-11-30,24.2,18.2,21.2
ba,Buenos Aires,pampa,-34.6037,-58.3816,2024-12-01,23.3,19.3,21.3
ba,Buenos Aires,pampa,-34.6037,-58.3816,2024-12-02,21.1,13.8,17.5
ba,Buenos Aires,pampa,-34.6037,-58.3816,2024-12-03,21.6,10.2,15.9
ba,Buenos Aires,pampa,-34.6037,-58.3816,2024-12-04,26.1,15.2,20.6
ba,Buenos Aires,pampa,-34.6037,-58.3816,2024-12-05,31.4,18.3,24.9
ba,Buenos Aires,pampa,-34.6037,-58.3816,2024-12-06,27.1,19.8,23.5
ba,Buenos Aires,pampa,-34.6037,-58.3816,2024-12-07,21.4,13.2,17.3
ba,Buenos Aires,pampa,-34.6037,-58.3816,2024-12-08,21.7,12.5,17.1
ba,Buenos Aires,pampa,-34.6037,-58.3816,2024-12-09,24.7,15.5,20.1
ba,Buenos Aires,pampa,-34.6037,-58.3816,2024-12-10,27.6,18.6,23.1
ba,Buenos Aires,pampa,-34.6037,-58.3816,2024-12-11,28.7,20.8,24.8
ba,Buenos Aires,pampa,-34.6037,-58.3816,2024-12-12,30.9,21.9,26.4
ba,Buenos Aires,pampa,-34.6037,-58.3816,2024-12-13,27.3,21.5,24.4
ba,Buenos Aires,pampa,-34.6037,-58.3816,2024-12-14,28.1,18.0,23.1
ba,Buenos Aires,pampa,-34.6037,-58.3816,2024-12-15,27.1,17.6,22.4
ba,Buenos Aires,pampa,-34.6037,-58.3816,2024-12-16,25.3,14.9,20.1
ba,Buenos Aires,pampa,-34.6037,-58.3816,2024-12-17,26.8,19.7,23.2
ba,Buenos Aires,pampa,-34.6037,-58.3816,2024-12-18,28.2,21.3,24.8
ba,Buenos Aires,pampa,-34.6037,-58.3816,2024-12-19,26.6,20.5,23.6
ba,Buenos Aires,pampa,-34.6037,-58.3816,2024-12-20,29.9,20.7,25.3
ba,Buenos Aires,pampa,-34.6037,-58.3816,2024-12-21,22.7,15.7,19.2
ba,Buenos Aires,pampa,-34.6037,-58.3816,2024-12-22,26.6,17.3,22.0
ba,Buenos Aires,pampa,-34.6037,-58.3816,2024-12-23,29.8,19.1,24.5
ba,Buenos Aires,pampa,-34.6037,-58.3816,2024-12-24,25.3,19.4,22.4
ba,Buenos Aires,pampa,-34.6037,-58.3816,2024-12-25,21.5,15.1,18.3
ba,Buenos Aires,pampa,-34.6037,-58.3816,2024-12-26,25.0,14.8,19.9
ba,Buenos Aires,pampa,-34.6037,-58.3816,2024-12-27,27.5,16.4,21.9
ba,Buenos Aires,pampa,-34.6037,-58.3816,2024-12-28,25.4,18.0,21.7
ba,Buenos Aires,pampa,-34.6037,-58.3816,2024-12-29,26.0,19.4,22.7
ba,Buenos Aires,pampa,-34.6037,-58.3816,2024-12-30,28.4,19.9,24.1
ba,Buenos Aires,pampa,-34.6037,-58.3816,2024-12-31,30.4,21.8,26.1
ba,Buenos Aires,pampa,-34.6037,-58.3816,2025-01-01,31.4,23.2,27.3
ba,Buenos Aires,pampa,-34.6037,-58.3816,2025-01-02,31.3,20.3,25.8
ba,Buenos Aires,pampa,-34.6037,-58.3816,2025-01-03,27.5,18.2,22.9
ba,Buenos Aires,pampa,-34.6037,-58.3816,2025-01-04,26.1,16.5,21.3
ba,Buenos Aires,pampa,-34.6037,-58.3816,2025-01-05,25.6,17.6,21.6
ba,Buenos Aires,pampa,-34.6037,-58.3816,2025-01-06,27.1,19.7,23.4
ba,Buenos Aires,pampa,-34.6037,-58.3816,2025-01-07,28.1,20.7,24.4
ba,Buenos Aires,pampa,-34.6037,-58.3816,2025-01-08,29.2,21.9,25.5
ba,Buenos Aires,pampa,-34.6037,-58.3816,2025-01-09,29.8,22.6,26.2
ba,Buenos Aires,pampa,-34.6037,-58.3816,2025-01-10,28.8,22.6,25.7
ba,Buenos Aires,pampa,-34.6037,-58.3816,2025-01-11,28.1,22.3,25.2
ba,Buenos Aires,pampa,-34.6037,-58.3816,2025-01-12,28.3,21.9,25.1
ba,Buenos Aires,pampa,-34.6037,-58.3816,2025-01-13,30.5,23.6,27.1
ba,Buenos Aires,pampa,-34.6037,-58.3816,2025-01-14,31.4,23.3,27.4
ba,Buenos Aires,pampa,-34.6037,-58.3816,2025-01-15,32.4,24.3,28.4
ba,Buenos Aires,pampa,-34.6037,-58.3816,2025-01-16,34.3,26.0,30.1
ba,Buenos Aires,pampa,-34.6037,-58.3816,2025-01-17,31.8,22.6,27.2
ba,Buenos Aires,pampa,-34.6037,-58.3816,2025-01-18,27.2,21.1,24.1
ba,Buenos Aires,pampa,-34.6037,-58.3816,2025-01-19,25.0,19.9,22.4
ba,Buenos Aires,pampa,-34.6037,-58.3816,2025-01-20,25.8,18.7,22.2
ba,Buenos Aires,pampa,-34.6037,-58.3816,2025-01-21,26.2,20.0,23.1
ba,Buenos Aires,pampa,-34.6037,-58.3816,2025-01-22,33.1,21.9,27.5
ba,Buenos Aires,pampa,-34.6037,-58.3816,2025-01-23,33.6,24.3,29.0
ba,Buenos Aires,pampa,-34.6037,-58.3816,2025-01-24,31.7,23.7,27.7
ba,Buenos Aires,pampa,-34.6037,-58.3816,2025-01-25,30.8,22.1,26.5
ba,Buenos Aires,pampa,-34.6037,-58.3816,2025-01-26,32.1,24.0,28.1
ba,Buenos Aires,pampa,-34.6037,-58.3816,2025-01-27,29.8,23.2,26.5
ba,Buenos Aires,pampa,-34.6037,-58.3816,2025-01-28,29.6,21.1,25.4
ba,Buenos Aires,pampa,-34.6037,-58.3816,2025-01-29,29.9,20.8,25.4
ba,Buenos Aires,pampa,-34.6037,-58.3816,2025-01-30,28.3,23.9,26.1
ba,Buenos Aires,pampa,-34.6037,-58.3816,2025-01-31,28.7,22.6,25.6
ba,Buenos Aires,pampa,-34.6037,-58.3816,2025-02-01,31.6,22.7,27.1
ba,Buenos Aires,pampa,-34.6037,-58.3816,2025-02-02,33.4,24.9,29.1
ba,Buenos Aires,pampa,-34.6037,-58.3816,2025-02-03,35.8,26.6,31.2
ba,Buenos Aires,pampa,-34.6037,-58.3816,2025-02-04,28.8,23.2,26.0
ba,Buenos Aires,pampa,-34.6037,-58.3816,2025-02-05,25.6,20.9,23.2
ba,Buenos Aires,pampa,-34.6037,-58.3816,2025-02-06,27.7,18.6,23.1
ba,Buenos Aires,pampa,-34.6037,-58.3816,2025-02-07,28.7,21.4,25.0
ba,Buenos Aires,pampa,-34.6037,-58.3816,2025-02-08,33.2,23.6,28.4
ba,Buenos Aires,pampa,-34.6037,-58.3816,2025-02-09,28.6,21.1,24.9
ba,Buenos Aires,pampa,-34.6037,-58.3816,2025-02-10,38.0,23.8,30.9
ba,Buenos Aires,pampa,-34.6037,-58.3816,2025-02-11,31.7,20.4,26.0
ba,Buenos Aires,pampa,-34.6037,-58.3816,2025-02-12,25.4,20.6,23.0
ba,Buenos Aires,pampa,-34.6037,-58.3816,2025-02-13,28.8,21.2,25.0
ba,Buenos Aires,pampa,-34.6037,-58.3816,2025-02-14,28.5,22.1,25.3
ba,Buenos Aires,pampa,-34.6037,-58.3816,2025-02-15,26.8,21.2,24.0
ba,Buenos Aires,pampa,-34.6037,-58.3816,2025-02-16,29.2,22.1,25.6
ba,Buenos Aires,pampa,-34.6037,-58.3816,2025-02-17,31.0,18.4,24.7
ba,Buenos Aires,pampa,-34.6037,-58.3816,2025-02-18,23.4,13.0,18.2
ba,Buenos Aires,pampa,-34.6037,-58.3816,2025-02-19,28.2,18.0,23.1
ba,Buenos Aires,pampa,-34.6037,-58.3816,2025-02-20,31.8,22.8,27.3
ba,Buenos Aires,pampa,-34.6037,-58.3816,2025-02-21,33.0,25.5,29.2
ba,Buenos Aires,pampa,-34.6037,-58.3816,2025-02-22,32.4,24.3,28.4
ba,Buenos Aires,pampa,-34.6037,-58.3816,2025-02-23,29.2,24.0,26.6
ba,Buenos Aires,pampa,-34.6037,-58.3816,2025-02-24,28.3,23.6,26.0
ba,Buenos Aires,pampa,-34.6037,-58.3816,2025-02-25,25.4,22.5,23.9
ba,Buenos Aires,pampa,-34.6037,-58.3816,2025-02-26,26.9,22.3,24.6
ba,Buenos Aires,pampa,-34.6037,-58.3816,2025-02-27,27.1,21.9,24.5
ba,Buenos Aires,pampa,-34.6037,-58.3816,2025-02-28,26.4,24.2,25.3
ba,Buenos Aires,pampa,-34.6037,-58.3816,2025-03-01,29.2,23.3,26.2
ba,Buenos Aires,pampa,-34.6037,-58.3816,2025-03-02,25.2,23.1,24.1
ba,Buenos Aires,pampa,-34.6037,-58.3816,2025-03-03,26.5,22.2,24.4
ba,Buenos Aires,pampa,-34.6037,-58.3816,2025-03-04,28.4,22.0,25.2
ba,Buenos Aires,pampa,-34.6037,-58.3816,2025-03-05,33.0,25.7,29.4
ba,Buenos Aires,pampa,-34.6037,-58.3816,2025-03-06,33.1,25.8,29.5
ba,Buenos Aires,pampa,-34.6037,-58.3816,2025-03-07,32.3,26.1,29.2
ba,Buenos Aires,pampa,-34.6037,-58.3816,2025-03-08,28.8,17.2,23.0
ba,Buenos Aires,pampa,-34.6037,-58.3816,2025-03-09,21.2,13.5,17.4
ba,Buenos Aires,pampa,-34.6037,-58.3816,2025-03-10,23.5,15.8,19.6
ba,Buenos Aires,pampa,-34.6037,-58.3816,2025-03-11,21.3,15.9,18.6
ba,Buenos Aires,pampa,-34.6037,-58.3816,2025-03-12,21.6,14.3,18.0
ba,Buenos Aires,pampa,-34.6037,-58.3816,2025-03-13,20.6,12.3,16.5
ba,Buenos Aires,pampa,-34.6037,-58.3816,2025-03-14,21.9,14.1,18.0
ba,Buenos Aires,pampa,-34.6037,-58.3816,2025-03-15,23.1,17.9,20.5
ba,Buenos Aires,pampa,-34.6037,-58.3816,2025-03-16,24.2,18.9,21.5
ba,Buenos Aires,pampa,-34.6037,-58.3816,2025-03-17,27.2,20.2,23.7
ba,Buenos Aires,pampa,-34.6037,-58.3816,2025-03-18,29.3,19.8,24.6
ba,Buenos Aires,pampa,-34.6037,-58.3816,2025-03-19,30.7,21.6,26.1
ba,Buenos Aires,pampa,-34.6037,-58.3816,2025-03-20,30.6,21.5,26.1
ba,Buenos Aires,pampa,-34.6037,-58.3816,2025-03-21,30.3,22.9,26.6
ba,Buenos Aires,pampa,-34.6037,-58.3816,2025-03-22,27.6,20.2,23.9
ba,Buenos Aires,pampa,-34.6037,-58.3816,2025-03-23,21.8,18.0,19.9
ba,Buenos Aires,pampa,-34.6037,-58.3816,2025-03-24,23.6,18.0,20.8
ba,Buenos Aires,pampa,-34.6037,-58.3816,2025-03-25,23.7,15.6,19.6
ba,Buenos Aires,pampa,-34.6037,-58.3816,2025-03-26,23.9,18.3,21.1
ba,Buenos Aires,pampa,-34.6037,-58.3816,2025-03-27,25.3,20.6,23.0
ba,Buenos Aires,pampa,-34.6037,-58.3816,2025-03-28,25.2,19.6,22.4
ba,Buenos Aires,pampa,-34.6037,-58.3816,2025-03-29,23.6,16.5,20.1
ba,Buenos Aires,pampa,-34.6037,-58.3816,2025-03-30,28.4,18.0,23.2
ba,Buenos Aires,pampa,-34.6037,-58.3816,2025-03-31,20.0,14.5,17.2
ba,Buenos Aires,pampa,-34.6037,-58.3816,2025-04-01,19.3,11.1,15.2
ba,Buenos Aires,pampa,-34.6037,-58.3816,2025-04-02,22.8,13.9,18.4
ba,Buenos Aires,pampa,-34.6037,-58.3816,2025-04-03,21.0,10.3,15.7
ba,Buenos Aires,pampa,-34.6037,-58.3816,2025-04-04,15.6,7.6,11.6
ba,Buenos Aires,pampa,-34.6037,-58.3816,2025-04-05,17.6,9.7,13.7
ba,Buenos Aires,pampa,-34.6037,-58.3816,2025-04-06,21.5,14.7,18.1
ba,Buenos Aires,pampa,-34.6037,-58.3816,2025-04-07,19.6,16.5,18.1
ba,Buenos Aires,pampa,-34.6037,-58.3816,2025-04-08,21.6,16.4,19.0
ba,Buenos Aires,pampa,-34.6037,-58.3816,2025-04-09,21.6,17.7,19.6
ba,Buenos Aires,pampa,-34.6037,-58.3816,2025-04-10,22.0,18.9,20.4
ba,Buenos Aires,pampa,-34.6037,-58.3816,2025-04-11,22.8,19.0,20.9
ba,Buenos Aires,pampa,-34.6037,-58.3816,2025-04-12,24.3,16.2,20.2
ba,Buenos Aires,pampa,-34.6037,-58.3816,2025-04-13,20.9,12.4,16.6
ba,Buenos Aires,pampa,-34.6037,-58.3816,2025-04-14,20.6,12.3,16.5
ba,Buenos Aires,pampa,-34.6037,-58.3816,2025-04-15,19.4,15.4,17.4
ba,Buenos Aires,pampa,-34.6037,-58.3816,2025-04-16,19.5,12.5,16.0
ba,Buenos Aires,pampa,-34.6037,-58.3816,2025-04-17,21.3,13.9,17.6
ba,Buenos Aires,pampa,-34.6037,-58.3816,2025-04-18,20.6,13.9,17.2
ba,Buenos Aires,pampa,-34.6037,-58.3816,2025-04-19,18.3,9.6,13.9
ba,Buenos Aires,pampa,-34.6037,-58.3816,2025-04-20,18.1,10.2,14.2
ba,Buenos Aires,pampa,-34.6037,-58.3816,2025-04-21,18.0,10.8,14.4
ba,Buenos Aires,pampa,-34.6037,-58.3816,2025-04-22,21.2,15.8,18.5
ba,Buenos Aires,pampa,-34.6037,-58.3816,2025-04-23,24.5,17.3,20.9
ba,Buenos Aires,pampa,-34.6037,-58.3816,2025-04-24,21.3,17.0,19.1
ba,Buenos Aires,pampa,-34.6037,-58.3816,2025-04-25,24.7,17.7,21.2
ba,Buenos Aires,pampa,-34.6037,-58.3816,2025-04-26,19.7,12.8,16.2
ba,Buenos Aires,pampa,-34.6037,-58.3816,2025-04-27,19.9,10.3,15.1
ba,Buenos Aires,pampa,-34.6037,-58.3816,2025-04-28,20.0,10.3,15.2
ba,Buenos Aires,pampa,-34.6037,-58.3816,2025-04-29,19.7,10.9,15.3
ba,Buenos Aires,pampa,-34.6037,-58.3816,2025-04-30,21.7,13.2,17.4
ba,Buenos Aires,pampa,-34.6037,-58.3816,2025-05-01,19.7,15.0,17.4
ba,Buenos Aires,pampa,-34.6037,-58.3816,2025-05-02,23.1,15.3,19.2
ba,Buenos Aires,pampa,-34.6037,-58.3816,2025-05-03,22.8,13.7,18.2
ba,Buenos Aires,pampa,-34.6037,-58.3816,2025-05-04,24.7,17.2,20.9
ba,Buenos Aires,pampa,-34.6037,-58.3816,2025-05-05,18.8,15.2,17.0
ba,Buenos Aires,pampa,-34.6037,-58.3816,2025-05-06,21.9,18.0,19.9
ba,Buenos Aires,pampa,-34.6037,-58.3816,2025-05-07,22.0,17.6,19.8
ba,Buenos Aires,pampa,-34.6037,-58.3816,2025-05-08,21.5,17.3,19.4
ba,Buenos Aires,pampa,-34.6037,-58.3816,2025-05-09,20.6,12.9,16.8
ba,Buenos Aires,pampa,-34.6037,-58.3816,2025-05-10,19.9,14.3,17.1
ba,Buenos Aires,pampa,-34.6037,-58.3816,2025-05-11,18.4,14.0,16.2
ba,Buenos Aires,pampa,-34.6037,-58.3816,2025-05-12,18.9,13.8,16.4
ba,Buenos Aires,pampa,-34.6037,-58.3816,2025-05-13,20.3,15.1,17.7
ba,Buenos Aires,pampa,-34.6037,-58.3816,2025-05-14,22.3,16.0,19.1
ba,Buenos Aires,pampa,-34.6037,-58.3816,2025-05-15,23.5,19.0,21.2
ba,Buenos Aires,pampa,-34.6037,-58.3816,2025-05-16,21.2,17.8,19.5
ba,Buenos Aires,pampa,-34.6037,-58.3816,2025-05-17,22.5,17.7,20.1
ba,Buenos Aires,pampa,-34.6037,-58.3816,2025-05-18,19.1,11.0,15.1
ba,Buenos Aires,pampa,-34.6037,-58.3816,2025-05-19,14.5,9.3,11.9
ba,Buenos Aires,pampa,-34.6037,-58.3816,2025-05-20,16.4,7.5,11.9
ba,Buenos Aires,pampa,-34.6037,-58.3816,2025-05-21,14.5,8.9,11.7
ba,Buenos Aires,pampa,-34.6037,-58.3816,2025-05-22,14.7,7.8,11.2
ba,Buenos Aires,pampa,-34.6037,-58.3816,2025-05-23,15.2,11.0,13.1
ba,Buenos Aires,pampa,-34.6037,-58.3816,2025-05-24,16.5,13.1,14.8
ba,Buenos Aires,pampa,-34.6037,-58.3816,2025-05-25,17.6,12.0,14.8
ba,Buenos Aires,pampa,-34.6037,-58.3816,2025-05-26,19.4,15.7,17.5
ba,Buenos Aires,pampa,-34.6037,-58.3816,2025-05-27,18.0,10.6,14.3
ba,Buenos Aires,pampa,-34.6037,-58.3816,2025-05-28,11.9,7.5,9.7
ba,Buenos Aires,pampa,-34.6037,-58.3816,2025-05-29,11.7,4.5,8.1
ba,Buenos Aires,pampa,-34.6037,-58.3816,2025-05-30,13.5,5.5,9.5
ba,Buenos Aires,pampa,-34.6037,-58.3816,2025-05-31,16.2,6.4,11.3
ba,Buenos Aires,pampa,-34.6037,-58.3816,2025-06-01,14.8,4.7,9.8
ba,Buenos Aires,pampa,-34.6037,-58.3816,2025-06-02,16.0,7.4,11.7
ba,Buenos Aires,pampa,-34.6037,-58.3816,2025-06-03,15.2,8.1,11.6
ba,Buenos Aires,pampa,-34.6037,-58.3816,2025-06-04,18.2,10.3,14.2
ba,Buenos Aires,pampa,-34.6037,-58.3816,2025-06-05,14.4,7.5,10.9
ba,Buenos Aires,pampa,-34.6037,-58.3816,2025-06-06,17.1,6.9,12.0
ba,Buenos Aires,pampa,-34.6037,-58.3816,2025-06-07,16.0,8.1,12.1
ba,Buenos Aires,pampa,-34.6037,-58.3816,2025-06-08,14.2,8.0,11.1
ba,Buenos Aires,pampa,-34.6037,-58.3816,2025-06-09,11.7,6.3,9.0
ba,Buenos Aires,pampa,-34.6037,-58.3816,2025-06-10,13.6,5.2,9.4
ba,Buenos Aires,pampa,-34.6037,-58.3816,2025-06-11,13.8,9.7,11.8
ba,Buenos Aires,pampa,-34.6037,-58.3816,2025-06-12,15.6,9.9,12.8
ba,Buenos Aires,pampa,-34.6037,-58.3816,2025-06-13,13.7,12.1,12.9
ba,Buenos Aires,pampa,-34.6037,-58.3816,2025-06-14,12.6,9.6,11.1
ba,Buenos Aires,pampa,-34.6037,-58.3816,2025-06-15,13.2,4.5,8.8
ba,Buenos Aires,pampa,-34.6037,-58.3816,2025-06-16,13.9,9.1,11.5
ba,Buenos Aires,pampa,-34.6037,-58.3816,2025-06-17,15.1,8.4,11.8
ba,Buenos Aires,pampa,-34.6037,-58.3816,2025-06-18,15.4,5.5,10.4
ba,Buenos Aires,pampa,-34.6037,-58.3816,2025-06-19,14.8,6.2,10.5
ba,Buenos Aires,pampa,-34.6037,-58.3816,2025-06-20,16.3,7.2,11.8
ba,Buenos Aires,pampa,-34.6037,-58.3816,2025-06-21,14.5,7.7,11.1
ba,Buenos Aires,pampa,-34.6037,-58.3816,2025-06-22,15.3,6.2,10.8
ba,Buenos Aires,pampa,-34.6037,-58.3816,2025-06-23,9.4,3.4,6.4
ba,Buenos Aires,pampa,-34.6037,-58.3816,2025-06-24,12.9,2.4,7.7
ba,Buenos Aires,pampa,-34.6037,-58.3816,2025-06-25,13.7,6.7,10.2
ba,Buenos Aires,pampa,-34.6037,-58.3816,2025-06-26,12.8,3.7,8.2
ba,Buenos Aires,pampa,-34.6037,-58.3816,2025-06-27,13.3,5.0,9.2
ba,Buenos Aires,pampa,-34.6037,-58.3816,2025-06-28,12.7,6.5,9.6
ba,Buenos Aires,pampa,-34.6037,-58.3816,2025-06-29,8.5,4.1,6.3
ba,Buenos Aires,pampa,-34.6037,-58.3816,2025-06-30,5.7,2.5,4.1
ba,Buenos Aires,pampa,-34.6037,-58.3816,2025-07-01,7.4,-0.4,3.5
ba,Buenos Aires,pampa,-34.6037,-58.3816,2025-07-02,8.1,1.2,4.6
ba,Buenos Aires,pampa,-34.6037,-58.3816,2025-07-03,11.7,3.9,7.8
ba,Buenos Aires,pampa,-34.6037,-58.3816,2025-07-04,12.8,6.8,9.8
ba,Buenos Aires,pampa,-34.6037,-58.3816,2025-07-05,12.6,5.8,9.2
ba,Buenos Aires,pampa,-34.6037,-58.3816,2025-07-06,14.0,8.1,11.1
ba,Buenos Aires,pampa,-34.6037,-58.3816,2025-07-07,17.5,10.6,14.1
ba,Buenos Aires,pampa,-34.6037,-58.3816,2025-07-08,13.1,9.0,11.1
ba,Buenos Aires,pampa,-34.6037,-58.3816,2025-07-09,15.7,8.9,12.3
ba,Buenos Aires,pampa,-34.6037,-58.3816,2025-07-10,13.5,10.3,11.9
ba,Buenos Aires,pampa,-34.6037,-58.3816,2025-07-11,16.2,8.7,12.4
ba,Buenos Aires,pampa,-34.6037,-58.3816,2025-07-12,15.2,11.8,13.5
ba,Buenos Aires,pampa,-34.6037,-58.3816,2025-07-13,14.6,10.0,12.3
ba,Buenos Aires,pampa,-34.6037,-58.3816,2025-07-14,14.1,10.2,12.1
ba,Buenos Aires,pampa,-34.6037,-58.3816,2025-07-15,21.0,13.4,17.2
ba,Buenos Aires,pampa,-34.6037,-58.3816,2025-07-16,17.9,10.3,14.1
ba,Buenos Aires,pampa,-34.6037,-58.3816,2025-07-17,11.7,7.3,9.5
ba,Buenos Aires,pampa,-34.6037,-58.3816,2025-07-18,15.6,5.4,10.5
ba,Buenos Aires,pampa,-34.6037,-58.3816,2025-07-19,17.0,7.5,12.2
ba,Buenos Aires,pampa,-34.6037,-58.3816,2025-07-20,16.3,8.9,12.6
ba,Buenos Aires,pampa,-34.6037,-58.3816,2025-07-21,17.4,10.4,13.9
ba,Buenos Aires,pampa,-34.6037,-58.3816,2025-07-22,13.5,8.6,11.1
ba,Buenos Aires,pampa,-34.6037,-58.3816,2025-07-23,10.9,4.1,7.5
ba,Buenos Aires,pampa,-34.6037,-58.3816,2025-07-24,14.1,8.3,11.2
ba,Buenos Aires,pampa,-34.6037,-58.3816,2025-07-25,14.4,11.1,12.8
ba,Buenos Aires,pampa,-34.6037,-58.3816,2025-07-26,12.9,7.0,9.9
ba,Buenos Aires,pampa,-34.6037,-58.3816,2025-07-27,12.6,8.4,10.5
ba,Buenos Aires,pampa,-34.6037,-58.3816,2025-07-28,14.3,8.4,11.4
ba,Buenos Aires,pampa,-34.6037,-58.3816,2025-07-29,12.6,7.9,10.2
ba,Buenos Aires,pampa,-34.6037,-58.3816,2025-07-30,16.6,9.9,13.2
ba,Buenos Aires,pampa,-34.6037,-58.3816,2025-07-31,18.0,12.2,15.1
ba,Buenos Aires,pampa,-34.6037,-58.3816,2025-08-01,19.3,15.3,17.3
ba,Buenos Aires,pampa,-34.6037,-58.3816,2025-08-02,18.8,11.4,15.1
ba,Buenos Aires,pampa,-34.6037,-58.3816,2025-08-03,16.8,9.7,13.2
ba,Buenos Aires,pampa,-34.6037,-58.3816,2025-08-04,14.4,7.4,10.9
ba,Buenos Aires,pampa,-34.6037,-58.3816,2025-08-05,10.8,7.1,8.9
ba,Buenos Aires,pampa,-34.6037,-58.3816,2025-08-06,14.9,8.3,11.6
ba,Buenos Aires,pampa,-34.6037,-58.3816,2025-08-07,12.1,7.1,9.6
ba,Buenos Aires,pampa,-34.6037,-58.3816,2025-08-08,12.7,4.5,8.6
ba,Buenos Aires,pampa,-34.6037,-58.3816,2025-08-09,13.3,3.7,8.5
ba,Buenos Aires,pampa,-34.6037,-58.3816,2025-08-10,15.9,6.6,11.2
ba,Buenos Aires,pampa,-34.6037,-58.3816,2025-08-11,18.7,7.6,13.1
ba,Buenos Aires,pampa,-34.6037,-58.3816,2025-08-12,20.6,10.0,15.3
ba,Buenos Aires,pampa,-34.6037,-58.3816,2025-08-13,15.5,9.9,12.7
ba,Buenos Aires,pampa,-34.6037,-58.3816,2025-08-14,11.7,4.9,8.3
ba,Buenos Aires,pampa,-34.6037,-58.3816,2025-08-15,10.9,6.5,8.7
ba,Buenos Aires,pampa,-34.6037,-58.3816,2025-08-16,12.5,8.5,10.5
ba,Buenos Aires,pampa,-34.6037,-58.3816,2025-08-17,14.8,11.1,12.9
ba,Buenos Aires,pampa,-34.6037,-58.3816,2025-08-18,15.7,12.3,14.0
ba,Buenos Aires,pampa,-34.6037,-58.3816,2025-08-19,16.0,13.9,14.9
ba,Buenos Aires,pampa,-34.6037,-58.3816,2025-08-20,17.5,12.3,14.9
ba,Buenos Aires,pampa,-34.6037,-58.3816,2025-08-21,18.2,9.4,13.8
ba,Buenos Aires,pampa,-34.6037,-58.3816,2025-08-22,19.2,11.4,15.3
ba,Buenos Aires,pampa,-34.6037,-58.3816,2025-08-23,14.2,8.6,11.4
ba,Buenos Aires,pampa,-34.6037,-58.3816,2025-08-24,17.1,5.8,11.5
ba,Buenos Aires,pampa,-34.6037,-58.3816,2025-08-25,19.4,9.3,14.3
ba,Buenos Aires,pampa,-34.6037,-58.3816,2025-08-26,19.0,11.5,15.2
ba,Buenos Aires,pampa,-34.6037,-58.3816,2025-08-27,19.6,12.1,15.9
ba,Buenos Aires,pampa,-34.6037,-58.3816,2025-08-28,19.6,12.6,16.1
ba,Buenos Aires,pampa,-34.6037,-58.3816,2025-08-29,20.3,14.2,17.2
ba,Buenos Aires,pampa,-34.6037,-58.3816,2025-08-30,21.5,14.9,18.2
ba,Buenos Aires,pampa,-34.6037,-58.3816,2025-08-31,19.5,14.3,16.9
ba,Buenos Aires,pampa,-34.6037,-58.3816,2025-09-01,18.3,11.3,14.8
ba,Buenos Aires,pampa,-34.6037,-58.3816,2025-09-02,14.4,10.0,12.2
ba,Buenos Aires,pampa,-34.6037,-58.3816,2025-09-03,18.1,9.5,13.8
ba,Buenos Aires,pampa,-34.6037,-58.3816,2025-09-04,12.0,5.4,8.7
ba,Buenos Aires,pampa,-34.6037,-58.3816,2025-09-05,13.7,3.1,8.4
ba,Buenos Aires,pampa,-34.6037,-58.3816,2025-09-06,13.4,5.0,9.2
ba,Buenos Aires,pampa,-34.6037,-58.3816,2025-09-07,14.7,8.9,11.8
ba,Buenos Aires,pampa,-34.6037,-58.3816,2025-09-08,18.4,12.1,15.2
ba,Buenos Aires,pampa,-34.6037,-58.3816,2025-09-09,22.1,10.5,16.3
ba,Buenos Aires,pampa,-34.6037,-58.3816,2025-09-10,22.6,13.3,18.0
ba,Buenos Aires,pampa,-34.6037,-58.3816,2025-09-11,22.9,12.4,17.6
ba,Buenos Aires,pampa,-34.6037,-58.3816,2025-09-12,20.0,12.7,16.4
ba,Buenos Aires,pampa,-34.6037,-58.3816,2025-09-13,19.0,12.3,15.7
ba,Buenos Aires,pampa,-34.6037,-58.3816,2025-09-14,22.7,14.6,18.6
ba,Buenos Aires,pampa,-34.6037,-58.3816,2025-09-15,19.9,14.4,17.1
ba,Buenos Aires,pampa,-34.6037,-58.3816,2025-09-16,19.0,13.1,16.1
ba,Buenos Aires,pampa,-34.6037,-58.3816,2025-09-17,22.2,14.6,18.4
ba,Buenos Aires,pampa,-34.6037,-58.3816,2025-09-18,21.9,17.0,19.4
ba,Buenos Aires,pampa,-34.6037,-58.3816,2025-09-19,20.8,17.0,18.9
ba,Buenos Aires,pampa,-34.6037,-58.3816,2025-09-20,18.6,13.6,16.1
ba,Buenos Aires,pampa,-34.6037,-58.3816,2025-09-21,16.5,11.5,14.0
ba,Buenos Aires,pampa,-34.6037,-58.3816,2025-09-22,19.7,9.8,14.8
ba,Buenos Aires,pampa,-34.6037,-58.3816,2025-09-23,19.6,10.0,14.8
ba,Buenos Aires,pampa,-34.6037,-58.3816,2025-09-24,15.4,7.9,11.7
ba,Buenos Aires,pampa,-34.6037,-58.3816,2025-09-25,16.6,9.9,13.2
ba,Buenos Aires,pampa,-34.6037,-58.3816,2025-09-26,21.9,12.1,17.0
ba,Buenos Aires,pampa,-34.6037,-58.3816,2025-09-27,18.6,14.2,16.4
ba,Buenos Aires,pampa,-34.6037,-58.3816,2025-09-28,21.5,10.4,15.9
ba,Buenos Aires,pampa,-34.6037,-58.3816,2025-09-29,21.8,14.4,18.1
ba,Buenos Aires,pampa,-34.6037,-58.3816,2025-09-30,23.6,14.1,18.9
ba,Buenos Aires,pampa,-34.6037,-58.3816,2025-10-01,23.2,14.0,18.6
ba,Buenos Aires,pampa,-34.6037,-58.3816,2025-10-02,22.8,16.6,19.7
ba,Buenos Aires,pampa,-34.6037,-58.3816,2025-10-03,24.7,17.5,21.1
ba,Buenos Aires,pampa,-34.6037,-58.3816,2025-10-04,26.9,19.9,23.4
ba,Buenos Aires,pampa,-34.6037,-58.3816,2025-10-05,23.7,12.9,18.3
ba,Buenos Aires,pampa,-34.6037,-58.3816,2025-10-06,16.6,9.1,12.9
ba,Buenos Aires,pampa,-34.6037,-58.3816,2025-10-07,23.7,9.1,16.4
ba,Buenos Aires,pampa,-34.6037,-58.3816,2025-10-08,25.8,14.1,19.9
ba,Buenos Aires,pampa,-34.6037,-58.3816,2025-10-09,26.0,15.6,20.8
ba,Buenos Aires,pampa,-34.6037,-58.3816,2025-10-10,26.8,16.9,21.9
ba,Buenos Aires,pampa,-34.6037,-58.3816,2025-10-11,26.1,19.3,22.7
ba,Buenos Aires,pampa,-34.6037,-58.3816,2025-10-12,20.2,13.9,17.1
ba,Buenos Aires,pampa,-34.6037,-58.3816,2025-10-13,25.2,14.1,19.6
ba,Buenos Aires,pampa,-34.6037,-58.3816,2025-10-14,23.7,14.4,19.1
ba,Buenos Aires,pampa,-34.6037,-58.3816,2025-10-15,26.3,18.7,22.5
ba,Buenos Aires,pampa,-34.6037,-58.3816,2025-10-16,25.9,18.6,22.2
ba,Buenos Aires,pampa,-34.6037,-58.3816,2025-10-17,22.2,17.3,19.8
ba,Buenos Aires,pampa,-34.6037,-58.3816,2025-10-18,22.4,11.9,17.1
ba,Buenos Aires,pampa,-34.6037,-58.3816,2025-10-19,20.9,12.1,16.5
ba,Buenos Aires,pampa,-34.6037,-58.3816,2025-10-20,23.7,15.1,19.4
ba,Buenos Aires,pampa,-34.6037,-58.3816,2025-10-21,27.5,18.1,22.8
ba,Buenos Aires,pampa,-34.6037,-58.3816,2025-10-22,24.6,19.8,22.2
ba,Buenos Aires,pampa,-34.6037,-58.3816,2025-10-23,30.7,20.6,25.6
ba,Buenos Aires,pampa,-34.6037,-58.3816,2025-10-24,25.8,19.2,22.5
ba,Buenos Aires,pampa,-34.6037,-58.3816,2025-10-25,19.2,13.2,16.2
ba,Buenos Aires,pampa,-34.6037,-58.3816,2025-10-26,22.6,11.9,17.2
ba,Buenos Aires,pampa,-34.6037,-58.3816,2025-10-27,16.0,10.4,13.2
ba,Buenos Aires,pampa,-34.6037,-58.3816,2025-10-28,17.4,7.6,12.5
ba,Buenos Aires,pampa,-34.6037,-58.3816,2025-10-29,16.7,8.9,12.8
ba,Buenos Aires,pampa,-34.6037,-58.3816,2025-10-30,18.7,13.5,16.1
ba,Buenos Aires,pampa,-34.6037,-58.3816,2025-10-31,22.6,14.6,18.6
ba,Buenos Aires,pampa,-34.6037,-58.3816,2025-11-01,27.8,16.3,22.1
ba,Buenos Aires,pampa,-34.6037,-58.3816,2025-11-02,23.3,17.6,20.5
ba,Buenos Aires,pampa,-34.6037,-58.3816,2025-11-03,26.5,18.7,22.6
ba,Buenos Aires,pampa,-34.6037,-58.3816,2025-11-04,22.0,16.7,19.4
ba,Buenos Aires,pampa,-34.6037,-58.3816,2025-11-05,20.2,13.6,16.9
ba,Buenos Aires,pampa,-34.6037,-58.3816,2025-11-06,17.7,11.5,14.6
ba,Buenos Aires,pampa,-34.6037,-58.3816,2025-11-07,16.7,13.5,15.1
ba,Buenos Aires,pampa,-34.6037,-58.3816,2025-11-08,19.9,12.6,16.2
ba,Buenos Aires,pampa,-34.6037,-58.3816,2025-11-09,24.6,13.7,19.1
ba,Buenos Aires,pampa,-34.6037,-58.3816,2025-11-10,26.1,16.1,21.1
ba,Buenos Aires,pampa,-34.6037,-58.3816,2025-11-11,28.6,17.4,23.0
ba,Buenos Aires,pampa,-34.6037,-58.3816,2025-11-12,26.0,15.1,20.6
ba,Buenos Aires,pampa,-34.6037,-58.3816,2025-11-13,27.0,16.3,21.6
ba,Buenos Aires,pampa,-34.6037,-58.3816,2025-11-14,29.1,18.5,23.8
ba,Buenos Aires,pampa,-34.6037,-58.3816,2025-11-15,31.5,20.0,25.8
ba,Buenos Aires,pampa,-34.6037,-58.3816,2025-11-16,26.4,15.1,20.8
ba,Buenos Aires,pampa,-34.6037,-58.3816,2025-11-17,22.6,10.1,16.4
ba,Buenos Aires,pampa,-34.6037,-58.3816,2025-11-18,28.5,16.1,22.3
ba,Buenos Aires,pampa,-34.6037,-58.3816,2025-11-19,23.9,15.9,19.9
ba,Buenos Aires,pampa,-34.6037,-58.3816,2025-11-20,26.9,15.9,21.4
ba,Buenos Aires,pampa,-34.6037,-58.3816,2025-11-21,20.5,14.3,17.4
ba,Buenos Aires,pampa,-34.6037,-58.3816,2025-11-22,19.8,10.9,15.4
ba,Buenos Aires,pampa,-34.6037,-58.3816,2025-11-23,22.5,14.3,18.4
ba,Buenos Aires,pampa,-34.6037,-58.3816,2025-11-24,24.7,17.0,20.9
ba,Buenos Aires,pampa,-34.6037,-58.3816,2025-11-25,28.3,18.7,23.5
ba,Buenos Aires,pampa,-34.6037,-58.3816,2025-11-26,29.9,20.9,25.4
ba,Buenos Aires,pampa,-34.6037,-58.3816,2025-11-27,30.6,21.8,26.2
ba,Buenos Aires,pampa,-34.6037,-58.3816,2025-11-28,28.0,17.6,22.8
ba,Buenos Aires,pampa,-34.6037,-58.3816,2025-11-29,20.6,16.5,18.6
ba,Buenos Aires,pampa,-34.6037,-58.3816,2025-11-30,20.8,16.6,18.7
ba,Buenos Aires,pampa,-34.6037,-58.3816,2025-12-01,25.3,18.7,22.0
ba,Buenos Aires,pampa,-34.6037,-58.3816,2025-12-02,26.9,16.5,21.7
ba,Buenos Aires,pampa,-34.6037,-58.3816,2025-12-03,32.1,20.8,26.5
ba,Buenos Aires,pampa,-34.6037,-58.3816,2025-12-04,34.1,22.9,28.5
ba,Buenos Aires,pampa,-34.6037,-58.3816,2025-12-05,32.3,24.1,28.2
ba,Buenos Aires,pampa,-34.6037,-58.3816,2025-12-06,32.5,23.0,27.8
ba,Buenos Aires,pampa,-34.6037,-58.3816,2025-12-07,26.6,17.5,22.1
ba,Buenos Aires,pampa,-34.6037,-58.3816,2025-12-08,25.2,19.1,22.1
ba,Buenos Aires,pampa,-34.6037,-58.3816,2025-12-09,23.9,20.8,22.4
ba,Buenos Aires,pampa,-34.6037,-58.3816,2025-12-10,28.4,18.5,23.4
ba,Buenos Aires,pampa,-34.6037,-58.3816,2025-12-11,31.2,19.4,25.3
ba,Buenos Aires,pampa,-34.6037,-58.3816,2025-12-12,34.8,20.2,27.5
ba,Buenos Aires,pampa,-34.6037,-58.3816,2025-12-13,33.4,21.9,27.6
ba,Buenos Aires,pampa,-34.6037,-58.3816,2025-12-14,24.5,19.4,21.9
ba,Buenos Aires,pampa,-34.6037,-58.3816,2025-12-15,26.8,17.4,22.1
ba,Buenos Aires,pampa,-34.6037,-58.3816,2025-12-16,25.0,14.9,19.9
ba,Buenos Aires,pampa,-34.6037,-58.3816,2025-12-17,29.9,17.5,23.7
ba,Buenos Aires,pampa,-34.6037,-58.3816,2025-12-18,33.2,21.4,27.3
ba,Buenos Aires,pampa,-34.6037,-58.3816,2025-12-19,29.7,20.2,24.9
ba,Buenos Aires,pampa,-34.6037,-58.3816,2025-12-20,27.5,22.3,24.9
ba,Buenos Aires,pampa,-34.6037,-58.3816,2025-12-21,28.8,19.9,24.4
ba,Buenos Aires,pampa,-34.6037,-58.3816,2025-12-22,28.6,21.6,25.1
ba,Buenos Aires,pampa,-34.6037,-58.3816,2025-12-23,30.3,22.1,26.2
ba,Buenos Aires,pampa,-34.6037,-58.3816,2025-12-24,33.4,23.4,28.4
ba,Buenos Aires,pampa,-34.6037,-58.3816,2025-12-25,27.9,20.0,23.9
ba,Buenos Aires,pampa,-34.6037,-58.3816,2025-12-26,32.5,21.2,26.9
ba,Buenos Aires,pampa,-34.6037,-58.3816,2025-12-27,36.1,24.5,30.3
ba,Buenos Aires,pampa,-34.6037,-58.3816,2025-12-28,32.2,23.7,28.0
ba,Buenos Aires,pampa,-34.6037,-58.3816,2025-12-29,33.3,23.2,28.2
ba,Buenos Aires,pampa,-34.6037,-58.3816,2025-12-30,36.9,24.9,30.9
ba,Buenos Aires,pampa,-34.6037,-58.3816,2025-12-31,38.7,25.8,32.2
ba,Buenos Aires,pampa,-34.6037,-58.3816,2026-01-01,31.0,19.9,25.4
ba,Buenos Aires,pampa,-34.6037,-58.3816,2026-01-02,27.8,18.5,23.1
ba,Buenos Aires,pampa,-34.6037,-58.3816,2026-01-03,23.8,13.5,18.6
ba,Buenos Aires,pampa,-34.6037,-58.3816,2026-01-04,25.1,12.6,18.9
ba,Buenos Aires,pampa,-34.6037,-58.3816,2026-01-05,27.2,16.8,22.0
ba,Buenos Aires,pampa,-34.6037,-58.3816,2026-01-06,30.6,21.5,26.1
ba,Buenos Aires,pampa,-34.6037,-58.3816,2026-01-07,27.0,17.2,22.1
ba,Buenos Aires,pampa,-34.6037,-58.3816,2026-01-08,23.2,14.2,18.7
ba,Buenos Aires,pampa,-34.6037,-58.3816,2026-01-09,23.9,19.9,21.9
ba,Buenos Aires,pampa,-34.6037,-58.3816,2026-01-10,21.8,18.1,20.0
ba,Buenos Aires,pampa,-34.6037,-58.3816,2026-01-11,28.9,16.3,22.6
ba,Buenos Aires,pampa,-34.6037,-58.3816,2026-01-12,35.1,21.5,28.3
ba,Buenos Aires,pampa,-34.6037,-58.3816,2026-01-13,31.8,24.6,28.2
ba,Buenos Aires,pampa,-34.6037,-58.3816,2026-01-14,32.5,22.2,27.4
ba,Buenos Aires,pampa,-34.6037,-58.3816,2026-01-15,32.6,22.5,27.6
ba,Buenos Aires,pampa,-34.6037,-58.3816,2026-01-16,28.3,18.8,23.6
ba,Buenos Aires,pampa,-34.6037,-58.3816,2026-01-17,32.8,22.4,27.6
ba,Buenos Aires,pampa,-34.6037,-58.3816,2026-01-18,26.8,19.8,23.3
ba,Buenos Aires,pampa,-34.6037,-58.3816,2026-01-19,23.3,13.7,18.5
ba,Buenos Aires,pampa,-34.6037,-58.3816,2026-01-20,27.1,19.1,23.1
ba,Buenos Aires,pampa,-34.6037,-58.3816,2026-01-21,29.0,20.6,24.8
ba,Buenos Aires,pampa,-34.6037,-58.3816,2026-01-22,28.9,21.5,25.2
ba,Buenos Aires,pampa,-34.6037,-58.3816,2026-01-23,31.1,22.3,26.7
ba,Buenos Aires,pampa,-34.6037,-58.3816,2026-01-24,30.8,23.6,27.2
ba,Buenos Aires,pampa,-34.6037,-58.3816,2026-01-25,31.6,24.6,28.1
ba,Buenos Aires,pampa,-34.6037,-58.3816,2026-01-26,34.5,23.9,29.2
ba,Buenos Aires,pampa,-34.6037,-58.3816,2026-01-27,29.8,21.8,25.8
ba,Buenos Aires,pampa,-34.6037,-58.3816,2026-01-28,30.0,20.3,25.1
ba,Buenos Aires,pampa,-34.6037,-58.3816,2026-01-29,28.2,19.7,23.9
ba,Buenos Aires,pampa,-34.6037,-58.3816,2026-01-30,27.7,22.7,25.2
ba,Buenos Aires,pampa,-34.6037,-58.3816,2026-01-31,27.4,22.1,24.8
ba,Buenos Aires,pampa,-34.6037,-58.3816,2026-02-01,29.5,19.5,24.5
ba,Buenos Aires,pampa,-34.6037,-58.3816,2026-02-02,32.7,23.2,28.0
ba,Buenos Aires,pampa,-34.6037,-58.3816,2026-02-03,35.0,24.8,29.9
ba,Buenos Aires,pampa,-34.6037,-58.3816,2026-02-04,28.5,21.7,25.1
ba,Buenos Aires,pampa,-34.6037,-58.3816,2026-02-05,28.1,23.6,25.9
ba,Buenos Aires,pampa,-34.6037,-58.3816,2026-02-06,29.5,17.9,23.7
ba,Buenos Aires,pampa,-34.6037,-58.3816,2026-02-07,31.9,18.0,24.9
ba,Buenos Aires,pampa,-34.6037,-58.3816,2026-02-08,30.2,21.4,25.8
ba,Buenos Aires,pampa,-34.6037,-58.3816,2026-02-09,32.3,23.0,27.6
ba,Buenos Aires,pampa,-34.6037,-58.3816,2026-02-10,33.6,20.8,27.2
ba,Buenos Aires,pampa,-34.6037,-58.3816,2026-02-11,30.8,24.4,27.6
ba,Buenos Aires,pampa,-34.6037,-58.3816,2026-02-12,26.4,21.9,24.1
ba,Buenos Aires,pampa,-34.6037,-58.3816,2026-02-13,27.3,16.9,22.1
ba,Buenos Aires,pampa,-34.6037,-58.3816,2026-02-14,26.7,18.5,22.6
ba,Buenos Aires,pampa,-34.6037,-58.3816,2026-02-15,28.3,19.8,24.1
ba,Buenos Aires,pampa,-34.6037,-58.3816,2026-02-16,28.0,20.3,24.1
ba,Buenos Aires,pampa,-34.6037,-58.3816,2026-02-17,28.7,21.1,24.9
ba,Buenos Aires,pampa,-34.6037,-58.3816,2026-02-18,31.6,20.7,26.1
ba,Buenos Aires,pampa,-34.6037,-58.3816,2026-02-19,28.5,22.2,25.4
ba,Buenos Aires,pampa,-34.6037,-58.3816,2026-02-20,26.6,17.0,21.8
ba,Buenos Aires,pampa,-34.6037,-58.3816,2026-02-21,27.5,19.6,23.6
ba,Buenos Aires,pampa,-34.6037,-58.3816,2026-02-22,28.3,21.0,24.6
ba,Buenos Aires,pampa,-34.6037,-58.3816,2026-02-23,27.9,22.4,25.1
ba,Buenos Aires,pampa,-34.6037,-58.3816,2026-02-24,31.8,21.2,26.5
ba,Buenos Aires,pampa,-34.6037,-58.3816,2026-02-25,25.5,15.1,20.3
ba,Buenos Aires,pampa,-34.6037,-58.3816,2026-02-26,25.2,16.2,20.7
ba,Buenos Aires,pampa,-34.6037,-58.3816,2026-02-27,26.7,19.6,23.1
ba,Buenos Aires,pampa,-34.6037,-58.3816,2026-02-28,28.7,20.9,24.8
ba,Buenos Aires,pampa,-34.6037,-58.3816,2026-03-01,29.2,21.9,25.5
ba,Buenos Aires,pampa,-34.6037,-58.3816,2026-03-02,29.9,20.9,25.4
ba,Buenos Aires,pampa,-34.6037,-58.3816,2026-03-03,26.7,21.2,23.9
ba,Buenos Aires,pampa,-34.6037,-58.3816,2026-03-04,30.6,20.0,25.3
ba,Buenos Aires,pampa,-34.6037,-58.3816,2026-03-05,27.2,20.1,23.6
ba,Buenos Aires,pampa,-34.6037,-58.3816,2026-03-06,24.4,21.0,22.7
ba,Buenos Aires,pampa,-34.6037,-58.3816,2026-03-07,23.9,19.3,21.6
ba,Buenos Aires,pampa,-34.6037,-58.3816,2026-03-08,24.5,19.6,22.1
ba,Buenos Aires,pampa,-34.6037,-58.3816,2026-03-09,24.9,19.3,22.1
ba,Buenos Aires,pampa,-34.6037,-58.3816,2026-03-10,24.7,18.3,21.5
ba,Buenos Aires,pampa,-34.6037,-58.3816,2026-03-11,24.8,19.0,21.9
ba,Buenos Aires,pampa,-34.6037,-58.3816,2026-03-12,24.8,19.8,22.3
ba,Buenos Aires,pampa,-34.6037,-58.3816,2026-03-13,25.2,19.5,22.4
ba,Buenos Aires,pampa,-34.6037,-58.3816,2026-03-14,26.2,20.0,23.1
ba,Buenos Aires,pampa,-34.6037,-58.3816,2026-03-15,31.1,20.3,25.7
ba,Buenos Aires,pampa,-34.6037,-58.3816,2026-03-16,31.8,24.0,27.9
ba,Buenos Aires,pampa,-34.6037,-58.3816,2026-03-17,27.9,18.8,23.4
ba,Buenos Aires,pampa,-34.6037,-58.3816,2026-03-18,25.3,16.1,20.7
ba,Buenos Aires,pampa,-34.6037,-58.3816,2026-03-19,25.5,17.6,21.6
ba,Buenos Aires,pampa,-34.6037,-58.3816,2026-03-20,27.1,20.3,23.7
ba,Buenos Aires,pampa,-34.6037,-58.3816,2026-03-21,23.7,16.3,20.0
ba,Buenos Aires,pampa,-34.6037,-58.3816,2026-03-22,23.4,13.1,18.2
ba,Buenos Aires,pampa,-34.6037,-58.3816,2026-03-23,24.1,16.5,20.3
ba,Buenos Aires,pampa,-34.6037,-58.3816,2026-03-24,24.5,11.6,18.1
ba,Buenos Aires,pampa,-34.6037,-58.3816,2026-03-25,25.9,14.0,19.9
ba,Buenos Aires,pampa,-34.6037,-58.3816,2026-03-26,25.8,17.3,21.6
ba,Buenos Aires,pampa,-34.6037,-58.3816,2026-03-27,24.8,20.4,22.6
ba,Buenos Aires,pampa,-34.6037,-58.3816,2026-03-28,25.1,21.5,23.3
ba,Buenos Aires,pampa,-34.6037,-58.3816,2026-03-29,26.3,21.5,23.9
ba,Buenos Aires,pampa,-34.6037,-58.3816,2026-03-30,27.2,22.0,24.6
ba,Buenos Aires,pampa,-34.6037,-58.3816,2026-03-31,30.4,23.1,26.8
ba,Buenos Aires,pampa,-34.6037,-58.3816,2026-04-01,26.1,23.5,24.8
ba,Buenos Aires,pampa,-34.6037,-58.3816,2026-04-02,27.6,22.5,25.1
ba,Buenos Aires,pampa,-34.6037,-58.3816,2026-04-03,31.0,22.0,26.5
ba,Buenos Aires,pampa,-34.6037,-58.3816,2026-04-04,19.6,14.3,17.0
ba,Buenos Aires,pampa,-34.6037,-58.3816,2026-04-05,19.2,11.3,15.2
ba,Buenos Aires,pampa,-34.6037,-58.3816,2026-04-06,19.7,15.6,17.6
ba,Buenos Aires,pampa,-34.6037,-58.3816,2026-04-07,20.2,17.6,18.9
ba,Buenos Aires,pampa,-34.6037,-58.3816,2026-04-08,21.2,16.1,18.6
ba,Buenos Aires,pampa,-34.6037,-58.3816,2026-04-09,20.8,12.5,16.6
ba,Buenos Aires,pampa,-34.6037,-58.3816,2026-04-10,22.3,11.4,16.9
ba,Buenos Aires,pampa,-34.6037,-58.3816,2026-04-11,22.6,16.5,19.6
ba,Buenos Aires,pampa,-34.6037,-58.3816,2026-04-12,25.3,16.0,20.6
ba,Buenos Aires,pampa,-34.6037,-58.3816,2026-04-13,23.0,15.6,19.3
ba,Buenos Aires,pampa,-34.6037,-58.3816,2026-04-14,24.4,19.4,21.9
ba,Buenos Aires,pampa,-34.6037,-58.3816,2026-04-15,22.4,20.3,21.4
ba,Buenos Aires,pampa,-34.6037,-58.3816,2026-04-16,23.6,18.5,21.1
ba,Buenos Aires,pampa,-34.6037,-58.3816,2026-04-17,24.7,17.4,21.0
ba,Buenos Aires,pampa,-34.6037,-58.3816,2026-04-18,27.1,16.5,21.8
ba,Buenos Aires,pampa,-34.6037,-58.3816,2026-04-19,25.8,17.6,21.7
ba,Buenos Aires,pampa,-34.6037,-58.3816,2026-04-20,21.9,19.8,20.9
ba,Buenos Aires,pampa,-34.6037,-58.3816,2026-04-21,21.1,16.7,18.9
ba,Buenos Aires,pampa,-34.6037,-58.3816,2026-04-22,20.3,11.5,15.9
ba,Buenos Aires,pampa,-34.6037,-58.3816,2026-04-23,21.9,12.1,17.0
ba,Buenos Aires,pampa,-34.6037,-58.3816,2026-04-24,21.3,12.4,16.9
ba,Buenos Aires,pampa,-34.6037,-58.3816,2026-04-25,24.8,14.4,19.6
ba,Buenos Aires,pampa,-34.6037,-58.3816,2026-04-26,17.1,10.6,13.9
ba,Buenos Aires,pampa,-34.6037,-58.3816,2026-04-27,16.4,7.9,12.1
ba,Buenos Aires,pampa,-34.6037,-58.3816,2026-04-28,20.1,7.9,14.0
ba,Buenos Aires,pampa,-34.6037,-58.3816,2026-04-29,23.2,12.9,18.1
ba,Buenos Aires,pampa,-34.6037,-58.3816,2026-04-30,22.4,11.3,16.9
ba,Buenos Aires,pampa,-34.6037,-58.3816,2026-05-01,24.0,16.7,20.4
ba,Buenos Aires,pampa,-34.6037,-58.3816,2026-05-02,17.6,10.2,13.9
ba,Buenos Aires,pampa,-34.6037,-58.3816,2026-05-03,17.0,5.2,11.1
ba,Buenos Aires,pampa,-34.6037,-58.3816,2026-05-04,21.4,10.8,16.1
ba,Buenos Aires,pampa,-34.6037,-58.3816,2026-05-05,22.4,14.7,18.5
ba,Buenos Aires,pampa,-34.6037,-58.3816,2026-05-06,23.8,17.6,20.7
ba,Buenos Aires,pampa,-34.6037,-58.3816,2026-05-07,20.2,11.7,15.9
ba,Buenos Aires,pampa,-34.6037,-58.3816,2026-05-08,12.8,8.1,10.4
ba,Buenos Aires,pampa,-34.6037,-58.3816,2026-05-09,12.1,6.6,9.3
ba,Buenos Aires,pampa,-34.6037,-58.3816,2026-05-10,15.0,5.0,10.0
ba,Buenos Aires,pampa,-34.6037,-58.3816,2026-05-11,16.6,4.7,10.7
ba,Buenos Aires,pampa,-34.6037,-58.3816,2026-05-12,21.0,9.6,15.3
ba,Buenos Aires,pampa,-34.6037,-58.3816,2026-05-13,15.1,7.3,11.2
ba,Buenos Aires,pampa,-34.6037,-58.3816,2026-05-14,16.4,8.2,12.3
ba,Buenos Aires,pampa,-34.6037,-58.3816,2026-05-15,16.2,7.4,11.8
ba,Buenos Aires,pampa,-34.6037,-58.3816,2026-05-16,13.7,9.9,11.8
ba,Buenos Aires,pampa,-34.6037,-58.3816,2026-05-17,13.5,7.9,10.7
ba,Buenos Aires,pampa,-34.6037,-58.3816,2026-05-18,15.8,4.7,10.2
ba,Buenos Aires,pampa,-34.6037,-58.3816,2026-05-19,17.2,5.9,11.6
ba,Buenos Aires,pampa,-34.6037,-58.3816,2026-05-20,14.2,7.1,10.6
ba,Buenos Aires,pampa,-34.6037,-58.3816,2026-05-21,12.2,5.9,9.1
ba,Buenos Aires,pampa,-34.6037,-58.3816,2026-05-22,12.1,4.8,8.4
ba,Buenos Aires,pampa,-34.6037,-58.3816,2026-05-23,13.6,8.7,11.1
ba,Buenos Aires,pampa,-34.6037,-58.3816,2026-05-24,14.6,9.9,12.2
ba,Buenos Aires,pampa,-34.6037,-58.3816,2026-05-25,15.9,11.4,13.7
ba,Buenos Aires,pampa,-34.6037,-58.3816,2026-05-26,14.3,7.2,10.8
ba,Buenos Aires,pampa,-34.6037,-58.3816,2026-05-27,13.9,10.4,12.2
ba,Buenos Aires,pampa,-34.6037,-58.3816,2026-05-28,14.1,12.2,13.1
ba,Buenos Aires,pampa,-34.6037,-58.3816,2026-05-29,14.0,10.9,12.4
ba,Buenos Aires,pampa,-34.6037,-58.3816,2026-05-30,15.2,7.1,11.1
ba,Buenos Aires,pampa,-34.6037,-58.3816,2026-05-31,16.0,5.6,10.8
ba,Buenos Aires,pampa,-34.6037,-58.3816,2026-06-01,13.6,11.4,12.5
ba,Buenos Aires,pampa,-34.6037,-58.3816,2026-06-02,14.8,10.6,12.7
ba,Buenos Aires,pampa,-34.6037,-58.3816,2026-06-03,16.6,13.0,14.8
ba,Buenos Aires,pampa,-34.6037,-58.3816,2026-06-04,15.3,13.6,14.4
ba,Buenos Aires,pampa,-34.6037,-58.3816,2026-06-05,17.8,14.0,15.9
ba,Buenos Aires,pampa,-34.6037,-58.3816,2026-06-06,17.2,13.3,15.2
ba,Buenos Aires,pampa,-34.6037,-58.3816,2026-06-07,15.4,13.7,14.6
ba,Buenos Aires,pampa,-34.6037,-58.3816,2026-06-08,14.0,11.1,12.6
ba,Buenos Aires,pampa,-34.6037,-58.3816,2026-06-09,13.0,7.0,10.0
ba,Buenos Aires,pampa,-34.6037,-58.3816,2026-06-10,14.0,11.3,12.7
ba,Buenos Aires,pampa,-34.6037,-58.3816,2026-06-11,16.5,10.3,13.4
ba,Buenos Aires,pampa,-34.6037,-58.3816,2026-06-12,14.5,6.9,10.7
ba,Buenos Aires,pampa,-34.6037,-58.3816,2026-06-13,14.3,7.8,11.1
ba,Buenos Aires,pampa,-34.6037,-58.3816,2026-06-14,9.9,3.2,6.6
ba,Buenos Aires,pampa,-34.6037,-58.3816,2026-06-15,13.4,2.3,7.8
ba,Buenos Aires,pampa,-34.6037,-58.3816,2026-06-16,17.9,7.3,12.6
ba,Buenos Aires,pampa,-34.6037,-58.3816,2026-06-17,13.3,6.4,9.9
ba,Buenos Aires,pampa,-34.6037,-58.3816,2026-06-18,12.7,9.9,11.3
ba,Buenos Aires,pampa,-34.6037,-58.3816,2026-06-19,14.4,8.3,11.4
ba,Buenos Aires,pampa,-34.6037,-58.3816,2026-06-20,14.3,5.6,9.9
ba,Buenos Aires,pampa,-34.6037,-58.3816,2026-06-21,14.0,8.0,11.0
ba,Buenos Aires,pampa,-34.6037,-58.3816,2026-06-22,11.5,6.9,9.2
ba,Buenos Aires,pampa,-34.6037,-58.3816,2026-06-23,12.0,4.0,8.0
ba,Buenos Aires,pampa,-34.6037,-58.3816,2026-06-24,10.6,3.0,6.8
ba,Buenos Aires,pampa,-34.6037,-58.3816,2026-06-25,11.9,6.6,9.2
ba,Buenos Aires,pampa,-34.6037,-58.3816,2026-06-26,12.3,4.5,8.4
ba,Buenos Aires,pampa,-34.6037,-58.3816,2026-06-27,15.0,7.1,11.1
ba,Buenos Aires,pampa,-34.6037,-58.3816,2026-06-28,14.0,7.7,10.8
ba,Buenos Aires,pampa,-34.6037,-58.3816,2026-06-29,14.8,5.2,10.0
ba,Buenos Aires,pampa,-34.6037,-58.3816,2026-06-30,13.1,5.3,9.2
ba,Buenos Aires,pampa,-34.6037,-58.3816,2026-07-01,13.7,3.5,8.6
ba,Buenos Aires,pampa,-34.6037,-58.3816,2026-07-02,8.1,1.7,4.9
ba,Buenos Aires,pampa,-34.6037,-58.3816,2026-07-03,9.1,0.0,4.5
ba,Buenos Aires,pampa,-34.6037,-58.3816,2026-07-04,9.7,1.5,5.6
ba,Buenos Aires,pampa,-34.6037,-58.3816,2026-07-05,9.4,3.9,6.7
ba,Buenos Aires,pampa,-34.6037,-58.3816,2026-07-06,10.9,2.9,6.9
ba,Buenos Aires,pampa,-34.6037,-58.3816,2026-07-07,16.1,2.4,9.2
ba,Buenos Aires,pampa,-34.6037,-58.3816,2026-07-08,14.8,8.5,11.7
ba,Buenos Aires,pampa,-34.6037,-58.3816,2026-07-09,17.5,9.9,13.7
ba,Buenos Aires,pampa,-34.6037,-58.3816,2026-07-10,12.6,9.2,10.9
ba,Buenos Aires,pampa,-34.6037,-58.3816,2026-07-11,13.1,8.9,11.0
ba,Buenos Aires,pampa,-34.6037,-58.3816,2026-07-12,11.2,6.6,8.9
ba,Buenos Aires,pampa,-34.6037,-58.3816,2026-07-13,9.7,3.1,6.4
ba,Buenos Aires,pampa,-34.6037,-58.3816,2026-07-14,13.9,7.8,10.8
ba,Buenos Aires,pampa,-34.6037,-58.3816,2026-07-15,16.9,11.4,14.1
ba,Buenos Aires,pampa,-34.6037,-58.3816,2026-07-16,20.2,15.2,17.7
ba,Buenos Aires,pampa,-34.6037,-58.3816,2026-07-17,23.8,17.4,20.6
ba,Buenos Aires,pampa,-34.6037,-58.3816,2026-07-18,19.0,13.3,16.1
ba,Buenos Aires,pampa,-34.6037,-58.3816,2026-07-19,12.7,9.1,10.9
ba,Buenos Aires,pampa,-34.6037,-58.3816,2026-07-20,13.7,9.6,11.6
ba,Buenos Aires,pampa,-34.6037,-58.3816,2026-07-21,13.0,10.5,11.8
ba,Buenos Aires,pampa,-34.6037,-58.3816,2026-07-22,13.3,8.3,10.8
ba,Buenos Aires,pampa,-34.6037,-58.3816,2026-07-23,13.4,8.4,10.9
ba,Buenos Aires,pampa,-34.6037,-58.3816,2026-07-24,14.9,9.9,12.4
ba,Buenos Aires,pampa,-34.6037,-58.3816,2026-07-25,13.3,10.2,11.8
ba,Buenos Aires,pampa,-34.6037,-58.3816,2026-07-26,17.2,11.4,14.3
ba,Buenos Aires,pampa,-34.6037,-58.3816,2026-07-27,16.3,11.6,13.9
ba,Buenos Aires,pampa,-34.6037,-58.3816,2026-07-28,15.5,10.8,13.2
ba,Buenos Aires,pampa,-34.6037,-58.3816,2026-07-29,14.3,7.9,11.1
ba,Buenos Aires,pampa,-34.6037,-58.3816,2026-07-30,15.3,10.1,12.7
ba,Buenos Aires,pampa,-34.6037,-58.3816,2026-07-31,20.9,14.1,17.5
ba,Buenos Aires,pampa,-34.6037,-58.3816,2026-08-01,18.5,12.6,15.6
ba,Buenos Aires,pampa,-34.6037,-58.3816,2026-08-02,16.2,10.7,13.4
ba,Buenos Aires,pampa,-34.6037,-58.3816,2026-08-03,15.7,12.7,14.2
ba,Buenos Aires,pampa,-34.6037,-58.3816,2026-08-04,14.2,11.5,12.8
ba,Buenos Aires,pampa,-34.6037,-58.3816,2026-08-05,16.4,12.6,14.5
ba,Buenos Aires,pampa,-34.6037,-58.3816,2026-08-06,14.2,8.5,11.3
ba,Buenos Aires,pampa,-34.6037,-58.3816,2026-08-07,12.5,4.8,8.7
ba,Buenos Aires,pampa,-34.6037,-58.3816,2026-08-08,12.6,6.6,9.6
ba,Buenos Aires,pampa,-34.6037,-58.3816,2026-08-09,13.2,4.7,8.9
ba,Buenos Aires,pampa,-34.6037,-58.3816,2026-08-10,11.3,3.4,7.4
ba,Buenos Aires,pampa,-34.6037,-58.3816,2026-08-11,10.6,7.5,9.1
ba,Buenos Aires,pampa,-34.6037,-58.3816,2026-08-12,12.0,8.4,10.2
ba,Buenos Aires,pampa,-34.6037,-58.3816,2026-08-13,10.5,7.4,8.9
ba,Buenos Aires,pampa,-34.6037,-58.3816,2026-08-14,13.4,10.5,11.9
ba,Buenos Aires,pampa,-34.6037,-58.3816,2026-08-15,15.3,12.6,13.9
ba,Buenos Aires,pampa,-34.6037,-58.3816,2026-08-16,17.7,12.5,15.1
ba,Buenos Aires,pampa,-34.6037,-58.3816,2026-08-17,14.7,10.5,12.6
ba,Buenos Aires,pampa,-34.6037,-58.3816,2026-08-18,12.5,8.2,10.3
ba,Buenos Aires,pampa,-34.6037,-58.3816,2026-08-19,13.1,5.9,9.5
ba,Buenos Aires,pampa,-34.6037,-58.3816,2026-08-20,17.9,7.0,12.4
ba,Buenos Aires,pampa,-34.6037,-58.3816,2026-08-21,11.5,6.2,8.8
ba,Buenos Aires,pampa,-34.6037,-58.3816,2026-08-22,13.4,2.9,8.2
ba,Buenos Aires,pampa,-34.6037,-58.3816,2026-08-23,12.6,4.2,8.4
ba,Buenos Aires,pampa,-34.6037,-58.3816,2026-08-24,10.8,5.9,8.4
ba,Buenos Aires,pampa,-34.6037,-58.3816,2026-08-25,13.1,7.7,10.4
ba,Buenos Aires,pampa,-34.6037,-58.3816,2026-08-26,15.5,9.5,12.5
ba,Buenos Aires,pampa,-34.6037,-58.3816,2026-08-27,15.4,11.5,13.4
ba,Buenos Aires,pampa,-34.6037,-58.3816,2026-08-28,15.9,9.7,12.8
ba,Buenos Aires,pampa,-34.6037,-58.3816,2026-08-29,16.3,8.3,12.3
ba,Buenos Aires,pampa,-34.6037,-58.3816,2026-08-30,18.5,9.5,14.0
ba,Buenos Aires,pampa,-34.6037,-58.3816,2026-08-31,16.6,12.2,14.4
ba,Buenos Aires,pampa,-34.6037,-58.3816,2026-09-01,17.6,10.3,14.0
ba,Buenos Aires,pampa,-34.6037,-58.3816,2026-09-02,22.4,10.9,16.6
ba,Buenos Aires,pampa,-34.6037,-58.3816,2026-09-03,18.5,12.6,15.6
ba,Buenos Aires,pampa,-34.6037,-58.3816,2026-09-04,16.9,7.4,12.1
ba,Buenos Aires,pampa,-34.6037,-58.3816,2026-09-05,12.0,6.3,9.2
ba,Buenos Aires,pampa,-34.6037,-58.3816,2026-09-06,10.4,2.2,6.3
ba,Buenos Aires,pampa,-34.6037,-58.3816,2026-09-07,11.8,5.0,8.4
rosario,Rosario,pampa,-32.9468,-60.6393,2024-09-07,24.0,9.4,16.7
rosario,Rosario,pampa,-32.9468,-60.6393,2024-09-08,23.4,10.0,16.7
rosario,Rosario,pampa,-32.9468,-60.6393,2024-09-09,22.2,11.1,16.6
rosario,Rosario,pampa,-32.9468,-60.6393,2024-09-10,24.0,12.9,18.4
rosario,Rosario,pampa,-32.9468,-60.6393,2024-09-11,19.5,11.3,15.4
rosario,Rosario,pampa,-32.9468,-60.6393,2024-09-12,20.6,8.2,14.4
rosario,Rosario,pampa,-32.9468,-60.6393,2024-09-13,20.1,8.8,14.5
rosario,Rosario,pampa,-32.9468,-60.6393,2024-09-14,20.2,9.3,14.8
rosario,Rosario,pampa,-32.9468,-60.6393,2024-09-15,21.4,8.4,14.9
rosario,Rosario,pampa,-32.9468,-60.6393,2024-09-16,25.4,9.5,17.4
rosario,Rosario,pampa,-32.9468,-60.6393,2024-09-17,24.9,13.6,19.2
rosario,Rosario,pampa,-32.9468,-60.6393,2024-09-18,29.5,15.2,22.4
rosario,Rosario,pampa,-32.9468,-60.6393,2024-09-19,29.3,16.2,22.8
rosario,Rosario,pampa,-32.9468,-60.6393,2024-09-20,24.2,11.5,17.9
rosario,Rosario,pampa,-32.9468,-60.6393,2024-09-21,28.5,15.2,21.9
rosario,Rosario,pampa,-32.9468,-60.6393,2024-09-22,30.4,17.9,24.1
rosario,Rosario,pampa,-32.9468,-60.6393,2024-09-23,24.4,15.3,19.9
rosario,Rosario,pampa,-32.9468,-60.6393,2024-09-24,24.9,13.1,19.0
rosario,Rosario,pampa,-32.9468,-60.6393,2024-09-25,21.0,13.4,17.2
rosario,Rosario,pampa,-32.9468,-60.6393,2024-09-26,21.4,11.5,16.4
rosario,Rosario,pampa,-32.9468,-60.6393,2024-09-27,22.2,8.6,15.4
rosario,Rosario,pampa,-32.9468,-60.6393,2024-09-28,26.5,12.9,19.7
rosario,Rosario,pampa,-32.9468,-60.6393,2024-09-29,30.6,15.3,23.0
rosario,Rosario,pampa,-32.9468,-60.6393,2024-09-30,34.6,20.3,27.5
rosario,Rosario,pampa,-32.9468,-60.6393,2024-10-01,26.4,16.6,21.5
rosario,Rosario,pampa,-32.9468,-60.6393,2024-10-02,22.1,9.6,15.9
rosario,Rosario,pampa,-32.9468,-60.6393,2024-10-03,21.8,8.5,15.2
rosario,Rosario,pampa,-32.9468,-60.6393,2024-10-04,25.1,11.8,18.5
rosario,Rosario,pampa,-32.9468,-60.6393,2024-10-05,27.7,12.5,20.1
rosario,Rosario,pampa,-32.9468,-60.6393,2024-10-06,27.0,15.9,21.4
rosario,Rosario,pampa,-32.9468,-60.6393,2024-10-07,24.1,17.5,20.8
rosario,Rosario,pampa,-32.9468,-60.6393,2024-10-08,25.1,15.7,20.4
rosario,Rosario,pampa,-32.9468,-60.6393,2024-10-09,23.1,14.5,18.8
rosario,Rosario,pampa,-32.9468,-60.6393,2024-10-10,23.7,13.2,18.4
rosario,Rosario,pampa,-32.9468,-60.6393,2024-10-11,30.1,12.5,21.3
rosario,Rosario,pampa,-32.9468,-60.6393,2024-10-12,21.1,15.6,18.4
rosario,Rosario,pampa,-32.9468,-60.6393,2024-10-13,19.6,15.6,17.6
rosario,Rosario,pampa,-32.9468,-60.6393,2024-10-14,23.3,15.2,19.2
rosario,Rosario,pampa,-32.9468,-60.6393,2024-10-15,25.6,16.0,20.8
rosario,Rosario,pampa,-32.9468,-60.6393,2024-10-16,26.9,15.2,21.0
rosario,Rosario,pampa,-32.9468,-60.6393,2024-10-17,21.4,15.6,18.5
rosario,Rosario,pampa,-32.9468,-60.6393,2024-10-18,26.4,14.6,20.5
rosario,Rosario,pampa,-32.9468,-60.6393,2024-10-19,27.8,16.1,22.0
rosario,Rosario,pampa,-32.9468,-60.6393,2024-10-20,30.4,17.1,23.8
rosario,Rosario,pampa,-32.9468,-60.6393,2024-10-21,31.3,22.1,26.7
rosario,Rosario,pampa,-32.9468,-60.6393,2024-10-22,30.4,21.5,25.9
rosario,Rosario,pampa,-32.9468,-60.6393,2024-10-23,25.6,20.4,23.0
rosario,Rosario,pampa,-32.9468,-60.6393,2024-10-24,23.3,17.0,20.1
rosario,Rosario,pampa,-32.9468,-60.6393,2024-10-25,21.0,12.4,16.7
rosario,Rosario,pampa,-32.9468,-60.6393,2024-10-26,23.9,9.4,16.6
rosario,Rosario,pampa,-32.9468,-60.6393,2024-10-27,25.8,12.7,19.2
rosario,Rosario,pampa,-32.9468,-60.6393,2024-10-28,28.0,15.3,21.6
rosario,Rosario,pampa,-32.9468,-60.6393,2024-10-29,30.4,16.0,23.2
rosario,Rosario,pampa,-32.9468,-60.6393,2024-10-30,30.7,17.5,24.1
rosario,Rosario,pampa,-32.9468,-60.6393,2024-10-31,29.6,18.7,24.1
rosario,Rosario,pampa,-32.9468,-60.6393,2024-11-01,31.1,19.2,25.1
rosario,Rosario,pampa,-32.9468,-60.6393,2024-11-02,25.9,18.0,21.9
rosario,Rosario,pampa,-32.9468,-60.6393,2024-11-03,27.8,17.1,22.5
rosario,Rosario,pampa,-32.9468,-60.6393,2024-11-04,26.5,16.5,21.5
rosario,Rosario,pampa,-32.9468,-60.6393,2024-11-05,26.3,14.5,20.4
rosario,Rosario,pampa,-32.9468,-60.6393,2024-11-06,27.3,15.8,21.6
rosario,Rosario,pampa,-32.9468,-60.6393,2024-11-07,25.5,17.8,21.6
rosario,Rosario,pampa,-32.9468,-60.6393,2024-11-08,25.7,15.9,20.8
rosario,Rosario,pampa,-32.9468,-60.6393,2024-11-09,29.1,16.5,22.8
rosario,Rosario,pampa,-32.9468,-60.6393,2024-11-10,31.3,19.4,25.4
rosario,Rosario,pampa,-32.9468,-60.6393,2024-11-11,23.4,13.9,18.6
rosario,Rosario,pampa,-32.9468,-60.6393,2024-11-12,25.1,10.2,17.6
rosario,Rosario,pampa,-32.9468,-60.6393,2024-11-13,28.4,14.0,21.2
rosario,Rosario,pampa,-32.9468,-60.6393,2024-11-14,32.2,17.4,24.8
rosario,Rosario,pampa,-32.9468,-60.6393,2024-11-15,33.1,20.4,26.8
rosario,Rosario,pampa,-32.9468,-60.6393,2024-11-16,35.0,21.1,28.1
rosario,Rosario,pampa,-32.9468,-60.6393,2024-11-17,26.2,17.3,21.8
rosario,Rosario,pampa,-32.9468,-60.6393,2024-11-18,24.5,13.6,19.1
rosario,Rosario,pampa,-32.9468,-60.6393,2024-11-19,22.1,15.8,19.0
rosario,Rosario,pampa,-32.9468,-60.6393,2024-11-20,27.7,16.0,21.9
rosario,Rosario,pampa,-32.9468,-60.6393,2024-11-21,27.5,18.6,23.1
rosario,Rosario,pampa,-32.9468,-60.6393,2024-11-22,30.4,18.0,24.2
rosario,Rosario,pampa,-32.9468,-60.6393,2024-11-23,30.3,19.5,24.9
rosario,Rosario,pampa,-32.9468,-60.6393,2024-11-24,34.2,20.6,27.4
rosario,Rosario,pampa,-32.9468,-60.6393,2024-11-25,26.3,21.9,24.1
rosario,Rosario,pampa,-32.9468,-60.6393,2024-11-26,29.2,21.3,25.2
rosario,Rosario,pampa,-32.9468,-60.6393,2024-11-27,27.5,20.8,24.1
rosario,Rosario,pampa,-32.9468,-60.6393,2024-11-28,27.5,18.5,23.0
rosario,Rosario,pampa,-32.9468,-60.6393,2024-11-29,25.0,20.1,22.6
rosario,Rosario,pampa,-32.9468,-60.6393,2024-11-30,23.4,18.1,20.8
rosario,Rosario,pampa,-32.9468,-60.6393,2024-12-01,26.1,17.8,22.0
rosario,Rosario,pampa,-32.9468,-60.6393,2024-12-02,22.8,14.3,18.6
rosario,Rosario,pampa,-32.9468,-60.6393,2024-12-03,23.1,12.0,17.6
rosario,Rosario,pampa,-32.9468,-60.6393,2024-12-04,27.5,14.8,21.1
rosario,Rosario,pampa,-32.9468,-60.6393,2024-12-05,32.5,18.0,25.2
rosario,Rosario,pampa,-32.9468,-60.6393,2024-12-06,29.9,19.5,24.7
rosario,Rosario,pampa,-32.9468,-60.6393,2024-12-07,24.6,17.0,20.8
rosario,Rosario,pampa,-32.9468,-60.6393,2024-12-08,24.7,14.3,19.5
rosario,Rosario,pampa,-32.9468,-60.6393,2024-12-09,28.0,15.1,21.6
rosario,Rosario,pampa,-32.9468,-60.6393,2024-12-10,29.9,16.8,23.4
rosario,Rosario,pampa,-32.9468,-60.6393,2024-12-11,31.1,19.0,25.1
rosario,Rosario,pampa,-32.9468,-60.6393,2024-12-12,34.0,21.5,27.8
rosario,Rosario,pampa,-32.9468,-60.6393,2024-12-13,29.4,18.9,24.1
rosario,Rosario,pampa,-32.9468,-60.6393,2024-12-14,31.7,19.2,25.4
rosario,Rosario,pampa,-32.9468,-60.6393,2024-12-15,29.1,18.6,23.9
rosario,Rosario,pampa,-32.9468,-60.6393,2024-12-16,28.8,17.7,23.2
rosario,Rosario,pampa,-32.9468,-60.6393,2024-12-17,30.8,18.5,24.6
rosario,Rosario,pampa,-32.9468,-60.6393,2024-12-18,28.0,19.7,23.9
rosario,Rosario,pampa,-32.9468,-60.6393,2024-12-19,29.8,18.9,24.4
rosario,Rosario,pampa,-32.9468,-60.6393,2024-12-20,30.6,20.4,25.5
rosario,Rosario,pampa,-32.9468,-60.6393,2024-12-21,23.7,16.8,20.2
rosario,Rosario,pampa,-32.9468,-60.6393,2024-12-22,25.8,16.0,20.9
rosario,Rosario,pampa,-32.9468,-60.6393,2024-12-23,29.3,17.4,23.4
rosario,Rosario,pampa,-32.9468,-60.6393,2024-12-24,26.9,19.3,23.1
rosario,Rosario,pampa,-32.9468,-60.6393,2024-12-25,26.2,15.8,21.0
rosario,Rosario,pampa,-32.9468,-60.6393,2024-12-26,26.7,15.2,20.9
rosario,Rosario,pampa,-32.9468,-60.6393,2024-12-27,30.5,16.6,23.6
rosario,Rosario,pampa,-32.9468,-60.6393,2024-12-28,31.5,18.5,25.0
rosario,Rosario,pampa,-32.9468,-60.6393,2024-12-29,30.7,18.7,24.7
rosario,Rosario,pampa,-32.9468,-60.6393,2024-12-30,31.5,21.1,26.3
rosario,Rosario,pampa,-32.9468,-60.6393,2024-12-31,33.3,21.6,27.4
rosario,Rosario,pampa,-32.9468,-60.6393,2025-01-01,32.8,22.7,27.8
rosario,Rosario,pampa,-32.9468,-60.6393,2025-01-02,35.1,23.1,29.1
rosario,Rosario,pampa,-32.9468,-60.6393,2025-01-03,33.1,20.6,26.9
rosario,Rosario,pampa,-32.9468,-60.6393,2025-01-04,32.2,20.1,26.2
rosario,Rosario,pampa,-32.9468,-60.6393,2025-01-05,30.8,20.1,25.5
rosario,Rosario,pampa,-32.9468,-60.6393,2025-01-06,28.5,20.0,24.2
rosario,Rosario,pampa,-32.9468,-60.6393,2025-01-07,32.5,21.6,27.1
rosario,Rosario,pampa,-32.9468,-60.6393,2025-01-08,34.3,22.9,28.6
rosario,Rosario,pampa,-32.9468,-60.6393,2025-01-09,33.3,22.4,27.8
rosario,Rosario,pampa,-32.9468,-60.6393,2025-01-10,34.0,21.8,27.9
rosario,Rosario,pampa,-32.9468,-60.6393,2025-01-11,33.4,22.3,27.9
rosario,Rosario,pampa,-32.9468,-60.6393,2025-01-12,33.9,21.9,27.9
rosario,Rosario,pampa,-32.9468,-60.6393,2025-01-13,34.8,22.8,28.8
rosario,Rosario,pampa,-32.9468,-60.6393,2025-01-14,35.0,23.1,29.1
rosario,Rosario,pampa,-32.9468,-60.6393,2025-01-15,37.1,24.2,30.6
rosario,Rosario,pampa,-32.9468,-60.6393,2025-01-16,38.9,25.5,32.2
rosario,Rosario,pampa,-32.9468,-60.6393,2025-01-17,34.1,24.7,29.4
rosario,Rosario,pampa,-32.9468,-60.6393,2025-01-18,30.8,21.5,26.1
rosario,Rosario,pampa,-32.9468,-60.6393,2025-01-19,26.1,19.1,22.6
rosario,Rosario,pampa,-32.9468,-60.6393,2025-01-20,26.4,18.9,22.6
rosario,Rosario,pampa,-32.9468,-60.6393,2025-01-21,29.5,18.7,24.1
rosario,Rosario,pampa,-32.9468,-60.6393,2025-01-22,33.2,20.6,26.9
rosario,Rosario,pampa,-32.9468,-60.6393,2025-01-23,33.0,22.8,27.9
rosario,Rosario,pampa,-32.9468,-60.6393,2025-01-24,31.4,23.0,27.2
rosario,Rosario,pampa,-32.9468,-60.6393,2025-01-25,31.6,22.6,27.1
rosario,Rosario,pampa,-32.9468,-60.6393,2025-01-26,33.0,23.8,28.4
rosario,Rosario,pampa,-32.9468,-60.6393,2025-01-27,29.9,23.5,26.7
rosario,Rosario,pampa,-32.9468,-60.6393,2025-01-28,29.9,21.3,25.6
rosario,Rosario,pampa,-32.9468,-60.6393,2025-01-29,31.7,22.0,26.9
rosario,Rosario,pampa,-32.9468,-60.6393,2025-01-30,33.5,23.1,28.3
rosario,Rosario,pampa,-32.9468,-60.6393,2025-01-31,33.1,22.4,27.8
rosario,Rosario,pampa,-32.9468,-60.6393,2025-02-01,33.9,22.8,28.4
rosario,Rosario,pampa,-32.9468,-60.6393,2025-02-02,35.3,23.6,29.4
rosario,Rosario,pampa,-32.9468,-60.6393,2025-02-03,37.9,25.0,31.4
rosario,Rosario,pampa,-32.9468,-60.6393,2025-02-04,29.8,22.9,26.4
rosario,Rosario,pampa,-32.9468,-60.6393,2025-02-05,26.6,22.2,24.4
rosario,Rosario,pampa,-32.9468,-60.6393,2025-02-06,28.8,19.8,24.3
rosario,Rosario,pampa,-32.9468,-60.6393,2025-02-07,30.8,21.4,26.1
rosario,Rosario,pampa,-32.9468,-60.6393,2025-02-08,35.2,23.3,29.2
rosario,Rosario,pampa,-32.9468,-60.6393,2025-02-09,34.0,24.6,29.3
rosario,Rosario,pampa,-32.9468,-60.6393,2025-02-10,38.2,26.4,32.3
rosario,Rosario,pampa,-32.9468,-60.6393,2025-02-11,29.9,22.1,26.0
rosario,Rosario,pampa,-32.9468,-60.6393,2025-02-12,23.5,21.3,22.4
rosario,Rosario,pampa,-32.9468,-60.6393,2025-02-13,28.1,20.5,24.3
rosario,Rosario,pampa,-32.9468,-60.6393,2025-02-14,30.6,21.6,26.1
rosario,Rosario,pampa,-32.9468,-60.6393,2025-02-15,26.5,21.5,24.0
rosario,Rosario,pampa,-32.9468,-60.6393,2025-02-16,28.7,21.7,25.2
rosario,Rosario,pampa,-32.9468,-60.6393,2025-02-17,31.1,20.8,26.0
rosario,Rosario,pampa,-32.9468,-60.6393,2025-02-18,23.9,15.1,19.5
rosario,Rosario,pampa,-32.9468,-60.6393,2025-02-19,29.9,18.3,24.1
rosario,Rosario,pampa,-32.9468,-60.6393,2025-02-20,32.8,21.7,27.2
rosario,Rosario,pampa,-32.9468,-60.6393,2025-02-21,33.5,24.5,29.0
rosario,Rosario,pampa,-32.9468,-60.6393,2025-02-22,31.7,24.4,28.0
rosario,Rosario,pampa,-32.9468,-60.6393,2025-02-23,31.8,24.2,28.0
rosario,Rosario,pampa,-32.9468,-60.6393,2025-02-24,29.5,23.9,26.7
rosario,Rosario,pampa,-32.9468,-60.6393,2025-02-25,24.7,21.7,23.2
rosario,Rosario,pampa,-32.9468,-60.6393,2025-02-26,29.0,22.7,25.9
rosario,Rosario,pampa,-32.9468,-60.6393,2025-02-27,27.6,22.5,25.1
rosario,Rosario,pampa,-32.9468,-60.6393,2025-02-28,29.4,24.4,26.9
rosario,Rosario,pampa,-32.9468,-60.6393,2025-03-01,28.3,22.1,25.2
rosario,Rosario,pampa,-32.9468,-60.6393,2025-03-02,24.8,22.7,23.8
rosario,Rosario,pampa,-32.9468,-60.6393,2025-03-03,29.9,22.3,26.1
rosario,Rosario,pampa,-32.9468,-60.6393,2025-03-04,32.9,23.6,28.2
rosario,Rosario,pampa,-32.9468,-60.6393,2025-03-05,35.2,26.0,30.6
rosario,Rosario,pampa,-32.9468,-60.6393,2025-03-06,34.4,24.2,29.3
rosario,Rosario,pampa,-32.9468,-60.6393,2025-03-07,33.2,25.6,29.4
rosario,Rosario,pampa,-32.9468,-60.6393,2025-03-08,27.8,17.2,22.5
rosario,Rosario,pampa,-32.9468,-60.6393,2025-03-09,21.5,15.0,18.2
rosario,Rosario,pampa,-32.9468,-60.6393,2025-03-10,23.9,15.9,19.9
rosario,Rosario,pampa,-32.9468,-60.6393,2025-03-11,26.0,17.6,21.8
rosario,Rosario,pampa,-32.9468,-60.6393,2025-03-12,19.8,15.1,17.4
rosario,Rosario,pampa,-32.9468,-60.6393,2025-03-13,20.7,12.4,16.6
rosario,Rosario,pampa,-32.9468,-60.6393,2025-03-14,22.0,13.6,17.8
rosario,Rosario,pampa,-32.9468,-60.6393,2025-03-15,23.1,15.7,19.4
rosario,Rosario,pampa,-32.9468,-60.6393,2025-03-16,25.9,18.5,22.2
rosario,Rosario,pampa,-32.9468,-60.6393,2025-03-17,27.0,18.3,22.6
rosario,Rosario,pampa,-32.9468,-60.6393,2025-03-18,29.4,18.3,23.9
rosario,Rosario,pampa,-32.9468,-60.6393,2025-03-19,29.5,20.1,24.8
rosario,Rosario,pampa,-32.9468,-60.6393,2025-03-20,30.1,20.0,25.1
rosario,Rosario,pampa,-32.9468,-60.6393,2025-03-21,28.9,20.4,24.6
rosario,Rosario,pampa,-32.9468,-60.6393,2025-03-22,28.2,20.1,24.1
rosario,Rosario,pampa,-32.9468,-60.6393,2025-03-23,24.6,18.8,21.7
rosario,Rosario,pampa,-32.9468,-60.6393,2025-03-24,22.9,18.6,20.8
rosario,Rosario,pampa,-32.9468,-60.6393,2025-03-25,25.4,17.9,21.6
rosario,Rosario,pampa,-32.9468,-60.6393,2025-03-26,27.6,17.7,22.6
rosario,Rosario,pampa,-32.9468,-60.6393,2025-03-27,27.7,19.5,23.6
rosario,Rosario,pampa,-32.9468,-60.6393,2025-03-28,25.8,19.6,22.7
rosario,Rosario,pampa,-32.9468,-60.6393,2025-03-29,26.4,17.1,21.8
rosario,Rosario,pampa,-32.9468,-60.6393,2025-03-30,29.5,15.7,22.6
rosario,Rosario,pampa,-32.9468,-60.6393,2025-03-31,20.4,14.4,17.4
rosario,Rosario,pampa,-32.9468,-60.6393,2025-04-01,20.5,12.3,16.4
rosario,Rosario,pampa,-32.9468,-60.6393,2025-04-02,23.1,12.0,17.6
rosario,Rosario,pampa,-32.9468,-60.6393,2025-04-03,23.8,12.0,17.9
rosario,Rosario,pampa,-32.9468,-60.6393,2025-04-04,15.5,7.7,11.6
rosario,Rosario,pampa,-32.9468,-60.6393,2025-04-05,17.5,9.7,13.6
rosario,Rosario,pampa,-32.9468,-60.6393,2025-04-06,22.1,12.8,17.5
rosario,Rosario,pampa,-32.9468,-60.6393,2025-04-07,17.5,15.2,16.4
rosario,Rosario,pampa,-32.9468,-60.6393,2025-04-08,20.7,15.4,18.1
rosario,Rosario,pampa,-32.9468,-60.6393,2025-04-09,21.4,17.3,19.4
rosario,Rosario,pampa,-32.9468,-60.6393,2025-04-10,24.4,17.7,21.0
rosario,Rosario,pampa,-32.9468,-60.6393,2025-04-11,24.8,17.5,21.1
rosario,Rosario,pampa,-32.9468,-60.6393,2025-04-12,21.9,15.5,18.7
rosario,Rosario,pampa,-32.9468,-60.6393,2025-04-13,21.4,12.5,16.9
rosario,Rosario,pampa,-32.9468,-60.6393,2025-04-14,21.7,12.6,17.1
rosario,Rosario,pampa,-32.9468,-60.6393,2025-04-15,22.4,14.2,18.3
rosario,Rosario,pampa,-32.9468,-60.6393,2025-04-16,23.6,15.6,19.6
rosario,Rosario,pampa,-32.9468,-60.6393,2025-04-17,25.5,16.1,20.8
rosario,Rosario,pampa,-32.9468,-60.6393,2025-04-18,22.5,15.2,18.9
rosario,Rosario,pampa,-32.9468,-60.6393,2025-04-19,18.4,11.0,14.7
rosario,Rosario,pampa,-32.9468,-60.6393,2025-04-20,14.9,12.0,13.4
rosario,Rosario,pampa,-32.9468,-60.6393,2025-04-21,20.2,11.2,15.7
rosario,Rosario,pampa,-32.9468,-60.6393,2025-04-22,23.4,15.0,19.2
rosario,Rosario,pampa,-32.9468,-60.6393,2025-04-23,23.9,15.5,19.7
rosario,Rosario,pampa,-32.9468,-60.6393,2025-04-24,23.9,16.6,20.2
rosario,Rosario,pampa,-32.9468,-60.6393,2025-04-25,24.9,17.2,21.0
rosario,Rosario,pampa,-32.9468,-60.6393,2025-04-26,21.4,13.6,17.5
rosario,Rosario,pampa,-32.9468,-60.6393,2025-04-27,21.2,11.3,16.2
rosario,Rosario,pampa,-32.9468,-60.6393,2025-04-28,21.5,10.4,15.9
rosario,Rosario,pampa,-32.9468,-60.6393,2025-04-29,22.7,12.5,17.6
rosario,Rosario,pampa,-32.9468,-60.6393,2025-04-30,22.8,13.8,18.3
rosario,Rosario,pampa,-32.9468,-60.6393,2025-05-01,21.4,14.3,17.9
rosario,Rosario,pampa,-32.9468,-60.6393,2025-05-02,24.0,13.3,18.6
rosario,Rosario,pampa,-32.9468,-60.6393,2025-05-03,25.3,14.5,19.9
rosario,Rosario,pampa,-32.9468,-60.6393,2025-05-04,24.8,17.3,21.1
rosario,Rosario,pampa,-32.9468,-60.6393,2025-05-05,23.4,17.8,20.6
rosario,Rosario,pampa,-32.9468,-60.6393,2025-05-06,26.0,18.6,22.3
rosario,Rosario,pampa,-32.9468,-60.6393,2025-05-07,23.2,18.9,21.0
rosario,Rosario,pampa,-32.9468,-60.6393,2025-05-08,22.7,18.2,20.4
rosario,Rosario,pampa,-32.9468,-60.6393,2025-05-09,21.2,14.3,17.8
rosario,Rosario,pampa,-32.9468,-60.6393,2025-05-10,23.7,12.0,17.9
rosario,Rosario,pampa,-32.9468,-60.6393,2025-05-11,22.5,13.8,18.1
rosario,Rosario,pampa,-32.9468,-60.6393,2025-05-12,20.7,12.8,16.8
rosario,Rosario,pampa,-32.9468,-60.6393,2025-05-13,23.0,13.2,18.1
rosario,Rosario,pampa,-32.9468,-60.6393,2025-05-14,24.6,16.5,20.6
rosario,Rosario,pampa,-32.9468,-60.6393,2025-05-15,26.2,20.0,23.1
rosario,Rosario,pampa,-32.9468,-60.6393,2025-05-16,22.4,19.4,20.9
rosario,Rosario,pampa,-32.9468,-60.6393,2025-05-17,23.6,18.9,21.2
rosario,Rosario,pampa,-32.9468,-60.6393,2025-05-18,19.6,11.3,15.5
rosario,Rosario,pampa,-32.9468,-60.6393,2025-05-19,13.1,9.7,11.4
rosario,Rosario,pampa,-32.9468,-60.6393,2025-05-20,17.0,8.0,12.5
rosario,Rosario,pampa,-32.9468,-60.6393,2025-05-21,15.8,9.2,12.5
rosario,Rosario,pampa,-32.9468,-60.6393,2025-05-22,16.9,11.1,14.0
rosario,Rosario,pampa,-32.9468,-60.6393,2025-05-23,17.4,9.6,13.5
rosario,Rosario,pampa,-32.9468,-60.6393,2025-05-24,18.9,12.2,15.5
rosario,Rosario,pampa,-32.9468,-60.6393,2025-05-25,20.4,12.7,16.5
rosario,Rosario,pampa,-32.9468,-60.6393,2025-05-26,20.4,16.8,18.6
rosario,Rosario,pampa,-32.9468,-60.6393,2025-05-27,17.4,10.2,13.8
rosario,Rosario,pampa,-32.9468,-60.6393,2025-05-28,10.9,6.0,8.4
rosario,Rosario,pampa,-32.9468,-60.6393,2025-05-29,11.8,2.6,7.2
rosario,Rosario,pampa,-32.9468,-60.6393,2025-05-30,14.0,6.0,10.0
rosario,Rosario,pampa,-32.9468,-60.6393,2025-05-31,16.8,5.3,11.1
rosario,Rosario,pampa,-32.9468,-60.6393,2025-06-01,15.5,3.0,9.2
rosario,Rosario,pampa,-32.9468,-60.6393,2025-06-02,16.0,7.7,11.8
rosario,Rosario,pampa,-32.9468,-60.6393,2025-06-03,17.2,7.4,12.3
rosario,Rosario,pampa,-32.9468,-60.6393,2025-06-04,18.3,8.8,13.6
rosario,Rosario,pampa,-32.9468,-60.6393,2025-06-05,15.9,8.8,12.4
rosario,Rosario,pampa,-32.9468,-60.6393,2025-06-06,16.9,6.1,11.5
rosario,Rosario,pampa,-32.9468,-60.6393,2025-06-07,12.9,7.9,10.4
rosario,Rosario,pampa,-32.9468,-60.6393,2025-06-08,17.4,7.8,12.6
rosario,Rosario,pampa,-32.9468,-60.6393,2025-06-09,13.8,6.4,10.1
rosario,Rosario,pampa,-32.9468,-60.6393,2025-06-10,14.7,6.8,10.8
rosario,Rosario,pampa,-32.9468,-60.6393,2025-06-11,15.8,7.2,11.5
rosario,Rosario,pampa,-32.9468,-60.6393,2025-06-12,16.1,7.3,11.7
rosario,Rosario,pampa,-32.9468,-60.6393,2025-06-13,14.9,12.0,13.4
rosario,Rosario,pampa,-32.9468,-60.6393,2025-06-14,14.2,8.1,11.1
rosario,Rosario,pampa,-32.9468,-60.6393,2025-06-15,13.8,3.7,8.8
rosario,Rosario,pampa,-32.9468,-60.6393,2025-06-16,13.9,9.3,11.6
rosario,Rosario,pampa,-32.9468,-60.6393,2025-06-17,15.5,8.9,12.2
rosario,Rosario,pampa,-32.9468,-60.6393,2025-06-18,14.9,5.6,10.2
rosario,Rosario,pampa,-32.9468,-60.6393,2025-06-19,14.9,4.8,9.8
rosario,Rosario,pampa,-32.9468,-60.6393,2025-06-20,15.0,4.6,9.8
rosario,Rosario,pampa,-32.9468,-60.6393,2025-06-21,15.5,5.4,10.4
rosario,Rosario,pampa,-32.9468,-60.6393,2025-06-22,15.8,6.7,11.2
rosario,Rosario,pampa,-32.9468,-60.6393,2025-06-23,8.5,3.7,6.1
rosario,Rosario,pampa,-32.9468,-60.6393,2025-06-24,13.4,1.6,7.5
rosario,Rosario,pampa,-32.9468,-60.6393,2025-06-25,13.3,5.7,9.5
rosario,Rosario,pampa,-32.9468,-60.6393,2025-06-26,12.5,2.6,7.5
rosario,Rosario,pampa,-32.9468,-60.6393,2025-06-27,12.2,1.4,6.8
rosario,Rosario,pampa,-32.9468,-60.6393,2025-06-28,13.4,3.4,8.4
rosario,Rosario,pampa,-32.9468,-60.6393,2025-06-29,7.6,2.8,5.2
rosario,Rosario,pampa,-32.9468,-60.6393,2025-06-30,6.9,-0.2,3.4
rosario,Rosario,pampa,-32.9468,-60.6393,2025-07-01,7.3,-1.7,2.8
rosario,Rosario,pampa,-32.9468,-60.6393,2025-07-02,9.3,1.0,5.2
rosario,Rosario,pampa,-32.9468,-60.6393,2025-07-03,11.4,2.0,6.7
rosario,Rosario,pampa,-32.9468,-60.6393,2025-07-04,14.0,4.8,9.4
rosario,Rosario,pampa,-32.9468,-60.6393,2025-07-05,16.0,4.9,10.4
rosario,Rosario,pampa,-32.9468,-60.6393,2025-07-06,19.8,10.1,14.9
rosario,Rosario,pampa,-32.9468,-60.6393,2025-07-07,17.7,9.5,13.6
rosario,Rosario,pampa,-32.9468,-60.6393,2025-07-08,20.1,8.7,14.4
rosario,Rosario,pampa,-32.9468,-60.6393,2025-07-09,21.1,11.6,16.4
rosario,Rosario,pampa,-32.9468,-60.6393,2025-07-10,17.3,11.5,14.4
rosario,Rosario,pampa,-32.9468,-60.6393,2025-07-11,16.5,11.4,13.9
rosario,Rosario,pampa,-32.9468,-60.6393,2025-07-12,16.7,9.8,13.2
rosario,Rosario,pampa,-32.9468,-60.6393,2025-07-13,19.5,10.1,14.8
rosario,Rosario,pampa,-32.9468,-60.6393,2025-07-14,20.5,11.6,16.1
rosario,Rosario,pampa,-32.9468,-60.6393,2025-07-15,23.2,15.3,19.2
rosario,Rosario,pampa,-32.9468,-60.6393,2025-07-16,19.4,8.4,13.9
rosario,Rosario,pampa,-32.9468,-60.6393,2025-07-17,13.3,6.0,9.7
rosario,Rosario,pampa,-32.9468,-60.6393,2025-07-18,15.4,5.4,10.4
rosario,Rosario,pampa,-32.9468,-60.6393,2025-07-19,17.2,7.7,12.4
rosario,Rosario,pampa,-32.9468,-60.6393,2025-07-20,18.7,9.0,13.8
rosario,Rosario,pampa,-32.9468,-60.6393,2025-07-21,20.1,9.1,14.6
rosario,Rosario,pampa,-32.9468,-60.6393,2025-07-22,15.3,8.5,11.9
rosario,Rosario,pampa,-32.9468,-60.6393,2025-07-23,11.7,7.2,9.4
rosario,Rosario,pampa,-32.9468,-60.6393,2025-07-24,14.8,6.9,10.9
rosario,Rosario,pampa,-32.9468,-60.6393,2025-07-25,16.7,11.6,14.1
rosario,Rosario,pampa,-32.9468,-60.6393,2025-07-26,13.1,9.3,11.2
rosario,Rosario,pampa,-32.9468,-60.6393,2025-07-27,9.5,8.2,8.8
rosario,Rosario,pampa,-32.9468,-60.6393,2025-07-28,14.3,8.2,11.2
rosario,Rosario,pampa,-32.9468,-60.6393,2025-07-29,15.0,6.3,10.7
rosario,Rosario,pampa,-32.9468,-60.6393,2025-07-30,17.9,9.5,13.7
rosario,Rosario,pampa,-32.9468,-60.6393,2025-07-31,19.6,13.3,16.5
rosario,Rosario,pampa,-32.9468,-60.6393,2025-08-01,23.4,16.6,20.0
rosario,Rosario,pampa,-32.9468,-60.6393,2025-08-02,19.1,10.1,14.6
rosario,Rosario,pampa,-32.9468,-60.6393,2025-08-03,17.5,10.4,13.9
rosario,Rosario,pampa,-32.9468,-60.6393,2025-08-04,15.8,8.5,12.2
rosario,Rosario,pampa,-32.9468,-60.6393,2025-08-05,14.7,6.4,10.6
rosario,Rosario,pampa,-32.9468,-60.6393,2025-08-06,16.9,6.9,11.9
rosario,Rosario,pampa,-32.9468,-60.6393,2025-08-07,14.9,8.1,11.5
rosario,Rosario,pampa,-32.9468,-60.6393,2025-08-08,13.7,4.6,9.1
rosario,Rosario,pampa,-32.9468,-60.6393,2025-08-09,15.2,3.4,9.3
rosario,Rosario,pampa,-32.9468,-60.6393,2025-08-10,16.9,5.6,11.2
rosario,Rosario,pampa,-32.9468,-60.6393,2025-08-11,18.5,8.2,13.3
rosario,Rosario,pampa,-32.9468,-60.6393,2025-08-12,20.2,9.8,15.0
rosario,Rosario,pampa,-32.9468,-60.6393,2025-08-13,16.0,9.5,12.8
rosario,Rosario,pampa,-32.9468,-60.6393,2025-08-14,12.8,6.2,9.5
rosario,Rosario,pampa,-32.9468,-60.6393,2025-08-15,14.1,4.4,9.2
rosario,Rosario,pampa,-32.9468,-60.6393,2025-08-16,13.6,6.5,10.1
rosario,Rosario,pampa,-32.9468,-60.6393,2025-08-17,15.4,6.5,10.9
rosario,Rosario,pampa,-32.9468,-60.6393,2025-08-18,17.1,9.7,13.4
rosario,Rosario,pampa,-32.9468,-60.6393,2025-08-19,15.0,13.5,14.2
rosario,Rosario,pampa,-32.9468,-60.6393,2025-08-20,19.1,12.2,15.7
rosario,Rosario,pampa,-32.9468,-60.6393,2025-08-21,21.2,8.8,15.0
rosario,Rosario,pampa,-32.9468,-60.6393,2025-08-22,17.9,11.0,14.4
rosario,Rosario,pampa,-32.9468,-60.6393,2025-08-23,14.3,7.8,11.1
rosario,Rosario,pampa,-32.9468,-60.6393,2025-08-24,17.5,4.9,11.2
rosario,Rosario,pampa,-32.9468,-60.6393,2025-08-25,20.0,7.9,13.9
rosario,Rosario,pampa,-32.9468,-60.6393,2025-08-26,21.5,8.2,14.8
rosario,Rosario,pampa,-32.9468,-60.6393,2025-08-27,22.4,10.5,16.4
rosario,Rosario,pampa,-32.9468,-60.6393,2025-08-28,22.0,11.3,16.6
rosario,Rosario,pampa,-32.9468,-60.6393,2025-08-29,24.1,14.1,19.1
rosario,Rosario,pampa,-32.9468,-60.6393,2025-08-30,20.8,15.8,18.3
rosario,Rosario,pampa,-32.9468,-60.6393,2025-08-31,20.8,11.2,16.0
rosario,Rosario,pampa,-32.9468,-60.6393,2025-09-01,15.6,8.3,11.9
rosario,Rosario,pampa,-32.9468,-60.6393,2025-09-02,16.9,9.0,12.9
rosario,Rosario,pampa,-32.9468,-60.6393,2025-09-03,19.4,8.5,13.9
rosario,Rosario,pampa,-32.9468,-60.6393,2025-09-04,12.6,6.1,9.3
rosario,Rosario,pampa,-32.9468,-60.6393,2025-09-05,13.2,3.2,8.2
rosario,Rosario,pampa,-32.9468,-60.6393,2025-09-06,14.4,4.8,9.6
rosario,Rosario,pampa,-32.9468,-60.6393,2025-09-07,15.9,6.4,11.2
rosario,Rosario,pampa,-32.9468,-60.6393,2025-09-08,19.1,8.8,14.0
rosario,Rosario,pampa,-32.9468,-60.6393,2025-09-09,21.1,8.5,14.8
rosario,Rosario,pampa,-32.9468,-60.6393,2025-09-10,23.7,12.9,18.3
rosario,Rosario,pampa,-32.9468,-60.6393,2025-09-11,22.9,10.5,16.7
rosario,Rosario,pampa,-32.9468,-60.6393,2025-09-12,21.7,10.9,16.3
rosario,Rosario,pampa,-32.9468,-60.6393,2025-09-13,22.0,11.2,16.6
rosario,Rosario,pampa,-32.9468,-60.6393,2025-09-14,23.4,12.6,18.0
rosario,Rosario,pampa,-32.9468,-60.6393,2025-09-15,23.5,15.0,19.2
rosario,Rosario,pampa,-32.9468,-60.6393,2025-09-16,24.3,13.6,18.9
rosario,Rosario,pampa,-32.9468,-60.6393,2025-09-17,25.2,15.1,20.1
rosario,Rosario,pampa,-32.9468,-60.6393,2025-09-18,25.5,17.2,21.4
rosario,Rosario,pampa,-32.9468,-60.6393,2025-09-19,24.3,17.5,20.9
rosario,Rosario,pampa,-32.9468,-60.6393,2025-09-20,24.5,16.9,20.7
rosario,Rosario,pampa,-32.9468,-60.6393,2025-09-21,19.4,12.9,16.1
rosario,Rosario,pampa,-32.9468,-60.6393,2025-09-22,19.7,11.4,15.6
rosario,Rosario,pampa,-32.9468,-60.6393,2025-09-23,20.9,8.3,14.6
rosario,Rosario,pampa,-32.9468,-60.6393,2025-09-24,21.1,11.9,16.5
rosario,Rosario,pampa,-32.9468,-60.6393,2025-09-25,20.8,11.2,16.0
rosario,Rosario,pampa,-32.9468,-60.6393,2025-09-26,24.1,12.3,18.2
rosario,Rosario,pampa,-32.9468,-60.6393,2025-09-27,19.0,13.0,16.0
rosario,Rosario,pampa,-32.9468,-60.6393,2025-09-28,22.4,10.0,16.2
rosario,Rosario,pampa,-32.9468,-60.6393,2025-09-29,23.3,12.5,17.9
rosario,Rosario,pampa,-32.9468,-60.6393,2025-09-30,23.5,13.8,18.6
rosario,Rosario,pampa,-32.9468,-60.6393,2025-10-01,24.6,12.7,18.6
rosario,Rosario,pampa,-32.9468,-60.6393,2025-10-02,25.2,15.1,20.1
rosario,Rosario,pampa,-32.9468,-60.6393,2025-10-03,28.2,15.4,21.8
rosario,Rosario,pampa,-32.9468,-60.6393,2025-10-04,31.5,19.5,25.5
rosario,Rosario,pampa,-32.9468,-60.6393,2025-10-05,24.5,14.5,19.5
rosario,Rosario,pampa,-32.9468,-60.6393,2025-10-06,18.0,9.4,13.7
rosario,Rosario,pampa,-32.9468,-60.6393,2025-10-07,22.8,9.5,16.1
rosario,Rosario,pampa,-32.9468,-60.6393,2025-10-08,23.5,12.1,17.8
rosario,Rosario,pampa,-32.9468,-60.6393,2025-10-09,24.7,13.1,18.9
rosario,Rosario,pampa,-32.9468,-60.6393,2025-10-10,27.0,15.1,21.1
rosario,Rosario,pampa,-32.9468,-60.6393,2025-10-11,29.0,16.9,22.9
rosario,Rosario,pampa,-32.9468,-60.6393,2025-10-12,21.2,12.3,16.8
rosario,Rosario,pampa,-32.9468,-60.6393,2025-10-13,25.9,12.9,19.4
rosario,Rosario,pampa,-32.9468,-60.6393,2025-10-14,28.0,13.0,20.5
rosario,Rosario,pampa,-32.9468,-60.6393,2025-10-15,27.5,15.9,21.7
rosario,Rosario,pampa,-32.9468,-60.6393,2025-10-16,29.0,17.7,23.4
rosario,Rosario,pampa,-32.9468,-60.6393,2025-10-17,24.5,16.1,20.3
rosario,Rosario,pampa,-32.9468,-60.6393,2025-10-18,23.3,12.4,17.9
rosario,Rosario,pampa,-32.9468,-60.6393,2025-10-19,23.6,12.2,17.9
rosario,Rosario,pampa,-32.9468,-60.6393,2025-10-20,26.5,13.7,20.1
rosario,Rosario,pampa,-32.9468,-60.6393,2025-10-21,29.6,16.3,23.0
rosario,Rosario,pampa,-32.9468,-60.6393,2025-10-22,26.9,18.1,22.5
rosario,Rosario,pampa,-32.9468,-60.6393,2025-10-23,32.4,19.2,25.8
rosario,Rosario,pampa,-32.9468,-60.6393,2025-10-24,24.8,19.4,22.1
rosario,Rosario,pampa,-32.9468,-60.6393,2025-10-25,20.5,13.7,17.1
rosario,Rosario,pampa,-32.9468,-60.6393,2025-10-26,23.0,12.8,17.9
rosario,Rosario,pampa,-32.9468,-60.6393,2025-10-27,17.4,10.9,14.1
rosario,Rosario,pampa,-32.9468,-60.6393,2025-10-28,14.7,9.9,12.3
rosario,Rosario,pampa,-32.9468,-60.6393,2025-10-29,18.0,8.6,13.3
rosario,Rosario,pampa,-32.9468,-60.6393,2025-10-30,20.7,12.1,16.4
rosario,Rosario,pampa,-32.9468,-60.6393,2025-10-31,24.7,12.6,18.6
rosario,Rosario,pampa,-32.9468,-60.6393,2025-11-01,27.6,15.5,21.6
rosario,Rosario,pampa,-32.9468,-60.6393,2025-11-02,27.4,16.2,21.8
rosario,Rosario,pampa,-32.9468,-60.6393,2025-11-03,30.0,18.1,24.1
rosario,Rosario,pampa,-32.9468,-60.6393,2025-11-04,24.5,18.3,21.4
rosario,Rosario,pampa,-32.9468,-60.6393,2025-11-05,22.7,15.1,18.9
rosario,Rosario,pampa,-32.9468,-60.6393,2025-11-06,20.6,11.2,15.9
rosario,Rosario,pampa,-32.9468,-60.6393,2025-11-07,15.6,12.4,14.0
rosario,Rosario,pampa,-32.9468,-60.6393,2025-11-08,20.7,10.4,15.6
rosario,Rosario,pampa,-32.9468,-60.6393,2025-11-09,23.7,13.6,18.6
rosario,Rosario,pampa,-32.9468,-60.6393,2025-11-10,26.3,14.0,20.1
rosario,Rosario,pampa,-32.9468,-60.6393,2025-11-11,30.2,16.9,23.5
rosario,Rosario,pampa,-32.9468,-60.6393,2025-11-12,25.1,15.0,20.1
rosario,Rosario,pampa,-32.9468,-60.6393,2025-11-13,27.1,13.9,20.5
rosario,Rosario,pampa,-32.9468,-60.6393,2025-11-14,29.3,17.6,23.5
rosario,Rosario,pampa,-32.9468,-60.6393,2025-11-15,32.0,18.6,25.3
rosario,Rosario,pampa,-32.9468,-60.6393,2025-11-16,23.5,17.1,20.3
rosario,Rosario,pampa,-32.9468,-60.6393,2025-11-17,23.8,12.4,18.1
rosario,Rosario,pampa,-32.9468,-60.6393,2025-11-18,29.5,15.2,22.4
rosario,Rosario,pampa,-32.9468,-60.6393,2025-11-19,31.5,16.0,23.8
rosario,Rosario,pampa,-32.9468,-60.6393,2025-11-20,32.5,18.3,25.4
rosario,Rosario,pampa,-32.9468,-60.6393,2025-11-21,21.9,15.1,18.5
rosario,Rosario,pampa,-32.9468,-60.6393,2025-11-22,21.0,14.1,17.6
rosario,Rosario,pampa,-32.9468,-60.6393,2025-11-23,24.8,13.0,18.9
rosario,Rosario,pampa,-32.9468,-60.6393,2025-11-24,27.2,14.9,21.1
rosario,Rosario,pampa,-32.9468,-60.6393,2025-11-25,30.3,17.2,23.8
rosario,Rosario,pampa,-32.9468,-60.6393,2025-11-26,33.4,19.6,26.5
rosario,Rosario,pampa,-32.9468,-60.6393,2025-11-27,29.8,20.8,25.3
rosario,Rosario,pampa,-32.9468,-60.6393,2025-11-28,33.6,21.3,27.5
rosario,Rosario,pampa,-32.9468,-60.6393,2025-11-29,26.5,17.7,22.1
rosario,Rosario,pampa,-32.9468,-60.6393,2025-11-30,26.8,16.9,21.9
rosario,Rosario,pampa,-32.9468,-60.6393,2025-12-01,25.9,19.2,22.5
rosario,Rosario,pampa,-32.9468,-60.6393,2025-12-02,28.6,15.1,21.9
rosario,Rosario,pampa,-32.9468,-60.6393,2025-12-03,30.9,18.2,24.5
rosario,Rosario,pampa,-32.9468,-60.6393,2025-12-04,31.8,20.5,26.1
rosario,Rosario,pampa,-32.9468,-60.6393,2025-12-05,32.8,21.3,27.0
rosario,Rosario,pampa,-32.9468,-60.6393,2025-12-06,33.1,20.5,26.8
rosario,Rosario,pampa,-32.9468,-60.6393,2025-12-07,26.1,20.6,23.4
rosario,Rosario,pampa,-32.9468,-60.6393,2025-12-08,24.7,19.3,22.0
rosario,Rosario,pampa,-32.9468,-60.6393,2025-12-09,28.0,19.1,23.6
rosario,Rosario,pampa,-32.9468,-60.6393,2025-12-10,31.3,18.8,25.1
rosario,Rosario,pampa,-32.9468,-60.6393,2025-12-11,32.7,19.4,26.1
rosario,Rosario,pampa,-32.9468,-60.6393,2025-12-12,35.3,17.6,26.4
rosario,Rosario,pampa,-32.9468,-60.6393,2025-12-13,33.9,21.3,27.6
rosario,Rosario,pampa,-32.9468,-60.6393,2025-12-14,25.5,19.3,22.4
rosario,Rosario,pampa,-32.9468,-60.6393,2025-12-15,25.4,15.8,20.6
rosario,Rosario,pampa,-32.9468,-60.6393,2025-12-16,27.5,14.3,20.9
rosario,Rosario,pampa,-32.9468,-60.6393,2025-12-17,29.9,16.9,23.4
rosario,Rosario,pampa,-32.9468,-60.6393,2025-12-18,33.7,19.5,26.6
rosario,Rosario,pampa,-32.9468,-60.6393,2025-12-19,34.4,19.9,27.1
rosario,Rosario,pampa,-32.9468,-60.6393,2025-12-20,26.8,21.6,24.2
rosario,Rosario,pampa,-32.9468,-60.6393,2025-12-21,28.0,19.9,23.9
rosario,Rosario,pampa,-32.9468,-60.6393,2025-12-22,28.3,20.9,24.6
rosario,Rosario,pampa,-32.9468,-60.6393,2025-12-23,32.1,20.6,26.4
rosario,Rosario,pampa,-32.9468,-60.6393,2025-12-24,33.7,21.7,27.7
rosario,Rosario,pampa,-32.9468,-60.6393,2025-12-25,29.9,21.9,25.9
rosario,Rosario,pampa,-32.9468,-60.6393,2025-12-26,33.3,19.2,26.2
rosario,Rosario,pampa,-32.9468,-60.6393,2025-12-27,34.9,24.1,29.5
rosario,Rosario,pampa,-32.9468,-60.6393,2025-12-28,34.6,21.3,28.0
rosario,Rosario,pampa,-32.9468,-60.6393,2025-12-29,34.8,21.7,28.2
rosario,Rosario,pampa,-32.9468,-60.6393,2025-12-30,36.4,23.4,29.9
rosario,Rosario,pampa,-32.9468,-60.6393,2025-12-31,37.3,24.2,30.8
rosario,Rosario,pampa,-32.9468,-60.6393,2026-01-01,33.8,22.6,28.2
rosario,Rosario,pampa,-32.9468,-60.6393,2026-01-02,29.5,21.5,25.5
rosario,Rosario,pampa,-32.9468,-60.6393,2026-01-03,22.8,16.9,19.9
rosario,Rosario,pampa,-32.9468,-60.6393,2026-01-04,27.0,13.0,20.0
rosario,Rosario,pampa,-32.9468,-60.6393,2026-01-05,29.5,16.3,22.9
rosario,Rosario,pampa,-32.9468,-60.6393,2026-01-06,31.8,19.4,25.6
rosario,Rosario,pampa,-32.9468,-60.6393,2026-01-07,30.0,20.2,25.1
rosario,Rosario,pampa,-32.9468,-60.6393,2026-01-08,24.4,16.3,20.4
rosario,Rosario,pampa,-32.9468,-60.6393,2026-01-09,21.9,18.1,20.0
rosario,Rosario,pampa,-32.9468,-60.6393,2026-01-10,26.7,17.8,22.2
rosario,Rosario,pampa,-32.9468,-60.6393,2026-01-11,35.2,17.7,26.5
rosario,Rosario,pampa,-32.9468,-60.6393,2026-01-12,36.4,21.2,28.8
rosario,Rosario,pampa,-32.9468,-60.6393,2026-01-13,32.4,23.0,27.7
rosario,Rosario,pampa,-32.9468,-60.6393,2026-01-14,34.7,23.8,29.2
rosario,Rosario,pampa,-32.9468,-60.6393,2026-01-15,29.1,24.1,26.6
rosario,Rosario,pampa,-32.9468,-60.6393,2026-01-16,30.7,20.8,25.8
rosario,Rosario,pampa,-32.9468,-60.6393,2026-01-17,34.2,21.9,28.1
rosario,Rosario,pampa,-32.9468,-60.6393,2026-01-18,28.3,19.9,24.1
rosario,Rosario,pampa,-32.9468,-60.6393,2026-01-19,26.3,15.9,21.1
rosario,Rosario,pampa,-32.9468,-60.6393,2026-01-20,29.1,17.1,23.1
rosario,Rosario,pampa,-32.9468,-60.6393,2026-01-21,30.6,18.4,24.5
rosario,Rosario,pampa,-32.9468,-60.6393,2026-01-22,32.4,19.2,25.8
rosario,Rosario,pampa,-32.9468,-60.6393,2026-01-23,34.9,21.2,28.0
rosario,Rosario,pampa,-32.9468,-60.6393,2026-01-24,35.1,23.5,29.3
rosario,Rosario,pampa,-32.9468,-60.6393,2026-01-25,36.3,24.6,30.4
rosario,Rosario,pampa,-32.9468,-60.6393,2026-01-26,33.6,22.9,28.2
rosario,Rosario,pampa,-32.9468,-60.6393,2026-01-27,33.9,20.0,26.9
rosario,Rosario,pampa,-32.9468,-60.6393,2026-01-28,33.5,23.2,28.4
rosario,Rosario,pampa,-32.9468,-60.6393,2026-01-29,32.6,20.5,26.6
rosario,Rosario,pampa,-32.9468,-60.6393,2026-01-30,34.3,20.7,27.5
rosario,Rosario,pampa,-32.9468,-60.6393,2026-01-31,32.4,22.2,27.3
rosario,Rosario,pampa,-32.9468,-60.6393,2026-02-01,32.1,20.5,26.3
rosario,Rosario,pampa,-32.9468,-60.6393,2026-02-02,35.2,22.1,28.7
rosario,Rosario,pampa,-32.9468,-60.6393,2026-02-03,36.0,23.1,29.6
rosario,Rosario,pampa,-32.9468,-60.6393,2026-02-04,28.7,23.7,26.2
rosario,Rosario,pampa,-32.9468,-60.6393,2026-02-05,28.0,22.1,25.1
rosario,Rosario,pampa,-32.9468,-60.6393,2026-02-06,26.7,20.2,23.4
rosario,Rosario,pampa,-32.9468,-60.6393,2026-02-07,29.4,15.5,22.4
rosario,Rosario,pampa,-32.9468,-60.6393,2026-02-08,31.8,18.5,25.1
rosario,Rosario,pampa,-32.9468,-60.6393,2026-02-09,30.4,20.7,25.5
rosario,Rosario,pampa,-32.9468,-60.6393,2026-02-10,31.7,17.1,24.4
rosario,Rosario,pampa,-32.9468,-60.6393,2026-02-11,28.4,21.4,24.9
rosario,Rosario,pampa,-32.9468,-60.6393,2026-02-12,28.4,18.4,23.4
rosario,Rosario,pampa,-32.9468,-60.6393,2026-02-13,28.5,17.1,22.8
rosario,Rosario,pampa,-32.9468,-60.6393,2026-02-14,31.2,17.7,24.4
rosario,Rosario,pampa,-32.9468,-60.6393,2026-02-15,27.5,20.0,23.8
rosario,Rosario,pampa,-32.9468,-60.6393,2026-02-16,27.3,17.0,22.1
rosario,Rosario,pampa,-32.9468,-60.6393,2026-02-17,30.6,20.0,25.3
rosario,Rosario,pampa,-32.9468,-60.6393,2026-02-18,33.0,22.5,27.8
rosario,Rosario,pampa,-32.9468,-60.6393,2026-02-19,26.4,20.5,23.4
rosario,Rosario,pampa,-32.9468,-60.6393,2026-02-20,28.2,19.4,23.8
rosario,Rosario,pampa,-32.9468,-60.6393,2026-02-21,28.9,18.4,23.6
rosario,Rosario,pampa,-32.9468,-60.6393,2026-02-22,29.2,20.2,24.7
rosario,Rosario,pampa,-32.9468,-60.6393,2026-02-23,30.1,21.0,25.6
rosario,Rosario,pampa,-32.9468,-60.6393,2026-02-24,31.5,20.8,26.1
rosario,Rosario,pampa,-32.9468,-60.6393,2026-02-25,24.0,15.6,19.8
rosario,Rosario,pampa,-32.9468,-60.6393,2026-02-26,25.7,15.3,20.5
rosario,Rosario,pampa,-32.9468,-60.6393,2026-02-27,27.7,18.1,22.9
rosario,Rosario,pampa,-32.9468,-60.6393,2026-02-28,27.7,18.6,23.1
rosario,Rosario,pampa,-32.9468,-60.6393,2026-03-01,29.7,19.5,24.6
rosario,Rosario,pampa,-32.9468,-60.6393,2026-03-02,30.7,19.7,25.2
rosario,Rosario,pampa,-32.9468,-60.6393,2026-03-03,26.3,18.6,22.5
rosario,Rosario,pampa,-32.9468,-60.6393,2026-03-04,29.0,18.5,23.8
rosario,Rosario,pampa,-32.9468,-60.6393,2026-03-05,27.7,19.2,23.4
rosario,Rosario,pampa,-32.9468,-60.6393,2026-03-06,25.0,20.3,22.6
rosario,Rosario,pampa,-32.9468,-60.6393,2026-03-07,25.9,19.4,22.6
rosario,Rosario,pampa,-32.9468,-60.6393,2026-03-08,25.2,18.3,21.8
rosario,Rosario,pampa,-32.9468,-60.6393,2026-03-09,25.8,18.5,22.1
rosario,Rosario,pampa,-32.9468,-60.6393,2026-03-10,26.9,17.5,22.2
rosario,Rosario,pampa,-32.9468,-60.6393,2026-03-11,26.4,17.2,21.8
rosario,Rosario,pampa,-32.9468,-60.6393,2026-03-12,26.0,17.7,21.9
rosario,Rosario,pampa,-32.9468,-60.6393,2026-03-13,28.4,18.8,23.6
rosario,Rosario,pampa,-32.9468,-60.6393,2026-03-14,26.1,19.2,22.6
rosario,Rosario,pampa,-32.9468,-60.6393,2026-03-15,30.7,17.3,24.0
rosario,Rosario,pampa,-32.9468,-60.6393,2026-03-16,30.7,21.9,26.3
rosario,Rosario,pampa,-32.9468,-60.6393,2026-03-17,28.0,18.9,23.4
rosario,Rosario,pampa,-32.9468,-60.6393,2026-03-18,26.4,16.3,21.4
rosario,Rosario,pampa,-32.9468,-60.6393,2026-03-19,27.6,17.3,22.5
rosario,Rosario,pampa,-32.9468,-60.6393,2026-03-20,27.2,19.3,23.2
rosario,Rosario,pampa,-32.9468,-60.6393,2026-03-21,21.7,15.9,18.8
rosario,Rosario,pampa,-32.9468,-60.6393,2026-03-22,22.7,11.7,17.2
rosario,Rosario,pampa,-32.9468,-60.6393,2026-03-23,23.5,14.5,19.0
rosario,Rosario,pampa,-32.9468,-60.6393,2026-03-24,23.0,9.8,16.4
rosario,Rosario,pampa,-32.9468,-60.6393,2026-03-25,25.0,12.1,18.6
rosario,Rosario,pampa,-32.9468,-60.6393,2026-03-26,25.1,15.0,20.1
rosario,Rosario,pampa,-32.9468,-60.6393,2026-03-27,27.9,18.8,23.4
rosario,Rosario,pampa,-32.9468,-60.6393,2026-03-28,31.1,21.8,26.5
rosario,Rosario,pampa,-32.9468,-60.6393,2026-03-29,32.8,24.2,28.5
rosario,Rosario,pampa,-32.9468,-60.6393,2026-03-30,32.3,24.0,28.1
rosario,Rosario,pampa,-32.9468,-60.6393,2026-03-31,33.3,24.5,28.9
rosario,Rosario,pampa,-32.9468,-60.6393,2026-04-01,31.1,23.8,27.5
rosario,Rosario,pampa,-32.9468,-60.6393,2026-04-02,28.3,22.7,25.5
rosario,Rosario,pampa,-32.9468,-60.6393,2026-04-03,30.0,21.5,25.8
rosario,Rosario,pampa,-32.9468,-60.6393,2026-04-04,22.3,16.0,19.1
rosario,Rosario,pampa,-32.9468,-60.6393,2026-04-05,17.7,13.9,15.8
rosario,Rosario,pampa,-32.9468,-60.6393,2026-04-06,17.3,14.4,15.9
rosario,Rosario,pampa,-32.9468,-60.6393,2026-04-07,20.5,16.2,18.4
rosario,Rosario,pampa,-32.9468,-60.6393,2026-04-08,21.4,13.6,17.5
rosario,Rosario,pampa,-32.9468,-60.6393,2026-04-09,21.7,12.5,17.1
rosario,Rosario,pampa,-32.9468,-60.6393,2026-04-10,23.5,12.9,18.2
rosario,Rosario,pampa,-32.9468,-60.6393,2026-04-11,21.4,14.9,18.1
rosario,Rosario,pampa,-32.9468,-60.6393,2026-04-12,24.7,13.6,19.1
rosario,Rosario,pampa,-32.9468,-60.6393,2026-04-13,25.3,15.6,20.4
rosario,Rosario,pampa,-32.9468,-60.6393,2026-04-14,24.5,19.1,21.8
rosario,Rosario,pampa,-32.9468,-60.6393,2026-04-15,21.0,19.2,20.1
rosario,Rosario,pampa,-32.9468,-60.6393,2026-04-16,25.3,19.3,22.3
rosario,Rosario,pampa,-32.9468,-60.6393,2026-04-17,25.9,16.4,21.1
rosario,Rosario,pampa,-32.9468,-60.6393,2026-04-18,26.1,16.3,21.2
rosario,Rosario,pampa,-32.9468,-60.6393,2026-04-19,26.6,17.9,22.2
rosario,Rosario,pampa,-32.9468,-60.6393,2026-04-20,24.7,18.6,21.6
rosario,Rosario,pampa,-32.9468,-60.6393,2026-04-21,20.1,15.6,17.9
rosario,Rosario,pampa,-32.9468,-60.6393,2026-04-22,20.4,11.3,15.8
rosario,Rosario,pampa,-32.9468,-60.6393,2026-04-23,22.3,10.4,16.4
rosario,Rosario,pampa,-32.9468,-60.6393,2026-04-24,22.6,13.3,18.0
rosario,Rosario,pampa,-32.9468,-60.6393,2026-04-25,23.0,14.0,18.5
rosario,Rosario,pampa,-32.9468,-60.6393,2026-04-26,18.4,9.0,13.7
rosario,Rosario,pampa,-32.9468,-60.6393,2026-04-27,15.2,5.9,10.6
rosario,Rosario,pampa,-32.9468,-60.6393,2026-04-28,20.2,7.6,13.9
rosario,Rosario,pampa,-32.9468,-60.6393,2026-04-29,22.9,11.3,17.1
rosario,Rosario,pampa,-32.9468,-60.6393,2026-04-30,23.0,9.2,16.1
rosario,Rosario,pampa,-32.9468,-60.6393,2026-05-01,24.9,14.8,19.9
rosario,Rosario,pampa,-32.9468,-60.6393,2026-05-02,17.9,8.9,13.4
rosario,Rosario,pampa,-32.9468,-60.6393,2026-05-03,17.3,7.0,12.2
rosario,Rosario,pampa,-32.9468,-60.6393,2026-05-04,21.1,8.7,14.9
rosario,Rosario,pampa,-32.9468,-60.6393,2026-05-05,24.7,15.8,20.2
rosario,Rosario,pampa,-32.9468,-60.6393,2026-05-06,29.5,18.4,23.9
rosario,Rosario,pampa,-32.9468,-60.6393,2026-05-07,21.2,12.4,16.8
rosario,Rosario,pampa,-32.9468,-60.6393,2026-05-08,13.7,7.8,10.8
rosario,Rosario,pampa,-32.9468,-60.6393,2026-05-09,10.8,8.0,9.4
rosario,Rosario,pampa,-32.9468,-60.6393,2026-05-10,15.7,3.9,9.8
rosario,Rosario,pampa,-32.9468,-60.6393,2026-05-11,18.1,3.7,10.9
rosario,Rosario,pampa,-32.9468,-60.6393,2026-05-12,20.9,8.8,14.8
rosario,Rosario,pampa,-32.9468,-60.6393,2026-05-13,16.9,9.5,13.2
rosario,Rosario,pampa,-32.9468,-60.6393,2026-05-14,17.2,9.7,13.4
rosario,Rosario,pampa,-32.9468,-60.6393,2026-05-15,17.4,8.0,12.7
rosario,Rosario,pampa,-32.9468,-60.6393,2026-05-16,17.4,8.4,12.9
rosario,Rosario,pampa,-32.9468,-60.6393,2026-05-17,12.2,8.3,10.2
rosario,Rosario,pampa,-32.9468,-60.6393,2026-05-18,15.0,4.7,9.8
rosario,Rosario,pampa,-32.9468,-60.6393,2026-05-19,17.0,5.2,11.1
rosario,Rosario,pampa,-32.9468,-60.6393,2026-05-20,17.2,6.4,11.8
rosario,Rosario,pampa,-32.9468,-60.6393,2026-05-21,13.0,8.0,10.5
rosario,Rosario,pampa,-32.9468,-60.6393,2026-05-22,13.0,5.0,9.0
rosario,Rosario,pampa,-32.9468,-60.6393,2026-05-23,14.5,5.1,9.8
rosario,Rosario,pampa,-32.9468,-60.6393,2026-05-24,15.6,7.4,11.5
rosario,Rosario,pampa,-32.9468,-60.6393,2026-05-25,16.8,6.8,11.8
rosario,Rosario,pampa,-32.9468,-60.6393,2026-05-26,16.5,6.8,11.7
rosario,Rosario,pampa,-32.9468,-60.6393,2026-05-27,15.1,8.9,12.0
rosario,Rosario,pampa,-32.9468,-60.6393,2026-05-28,17.5,9.5,13.5
rosario,Rosario,pampa,-32.9468,-60.6393,2026-05-29,17.7,11.8,14.8
rosario,Rosario,pampa,-32.9468,-60.6393,2026-05-30,16.3,8.9,12.6
rosario,Rosario,pampa,-32.9468,-60.6393,2026-05-31,18.0,6.5,12.2
rosario,Rosario,pampa,-32.9468,-60.6393,2026-06-01,18.5,10.5,14.5
rosario,Rosario,pampa,-32.9468,-60.6393,2026-06-02,15.9,9.4,12.7
rosario,Rosario,pampa,-32.9468,-60.6393,2026-06-03,18.3,11.3,14.8
rosario,Rosario,pampa,-32.9468,-60.6393,2026-06-04,21.7,14.2,17.9
rosario,Rosario,pampa,-32.9468,-60.6393,2026-06-05,20.6,13.4,17.0
rosario,Rosario,pampa,-32.9468,-60.6393,2026-06-06,21.4,13.9,17.6
rosario,Rosario,pampa,-32.9468,-60.6393,2026-06-07,16.3,13.9,15.1
rosario,Rosario,pampa,-32.9468,-60.6393,2026-06-08,15.0,12.5,13.8
rosario,Rosario,pampa,-32.9468,-60.6393,2026-06-09,14.5,12.0,13.2
rosario,Rosario,pampa,-32.9468,-60.6393,2026-06-10,16.2,11.5,13.8
rosario,Rosario,pampa,-32.9468,-60.6393,2026-06-11,17.3,10.7,14.0
rosario,Rosario,pampa,-32.9468,-60.6393,2026-06-12,16.2,8.7,12.4
rosario,Rosario,pampa,-32.9468,-60.6393,2026-06-13,15.5,9.4,12.4
rosario,Rosario,pampa,-32.9468,-60.6393,2026-06-14,10.7,4.0,7.3
rosario,Rosario,pampa,-32.9468,-60.6393,2026-06-15,13.4,3.2,8.3
rosario,Rosario,pampa,-32.9468,-60.6393,2026-06-16,18.1,6.6,12.4
rosario,Rosario,pampa,-32.9468,-60.6393,2026-06-17,15.1,6.6,10.8
rosario,Rosario,pampa,-32.9468,-60.6393,2026-06-18,11.6,10.1,10.8
rosario,Rosario,pampa,-32.9468,-60.6393,2026-06-19,15.9,7.6,11.8
rosario,Rosario,pampa,-32.9468,-60.6393,2026-06-20,15.4,7.0,11.2
rosario,Rosario,pampa,-32.9468,-60.6393,2026-06-21,14.3,6.6,10.4
rosario,Rosario,pampa,-32.9468,-60.6393,2026-06-22,13.0,6.5,9.8
rosario,Rosario,pampa,-32.9468,-60.6393,2026-06-23,13.5,3.7,8.6
rosario,Rosario,pampa,-32.9468,-60.6393,2026-06-24,11.1,2.5,6.8
rosario,Rosario,pampa,-32.9468,-60.6393,2026-06-25,14.4,5.8,10.1
rosario,Rosario,pampa,-32.9468,-60.6393,2026-06-26,17.0,5.1,11.1
rosario,Rosario,pampa,-32.9468,-60.6393,2026-06-27,16.4,6.2,11.3
rosario,Rosario,pampa,-32.9468,-60.6393,2026-06-28,14.8,6.8,10.8
rosario,Rosario,pampa,-32.9468,-60.6393,2026-06-29,15.7,4.2,9.9
rosario,Rosario,pampa,-32.9468,-60.6393,2026-06-30,15.2,4.9,10.1
rosario,Rosario,pampa,-32.9468,-60.6393,2026-07-01,14.7,5.2,9.9
rosario,Rosario,pampa,-32.9468,-60.6393,2026-07-02,9.2,3.3,6.2
rosario,Rosario,pampa,-32.9468,-60.6393,2026-07-03,9.0,0.4,4.7
rosario,Rosario,pampa,-32.9468,-60.6393,2026-07-04,10.5,2.0,6.2
rosario,Rosario,pampa,-32.9468,-60.6393,2026-07-05,8.7,4.5,6.6
rosario,Rosario,pampa,-32.9468,-60.6393,2026-07-06,14.2,1.5,7.8
rosario,Rosario,pampa,-32.9468,-60.6393,2026-07-07,16.2,3.5,9.8
rosario,Rosario,pampa,-32.9468,-60.6393,2026-07-08,17.9,7.6,12.8
rosario,Rosario,pampa,-32.9468,-60.6393,2026-07-09,20.2,8.2,14.2
rosario,Rosario,pampa,-32.9468,-60.6393,2026-07-10,15.7,7.8,11.8
rosario,Rosario,pampa,-32.9468,-60.6393,2026-07-11,15.4,7.1,11.2
rosario,Rosario,pampa,-32.9468,-60.6393,2026-07-12,12.1,7.6,9.8
rosario,Rosario,pampa,-32.9468,-60.6393,2026-07-13,14.8,4.6,9.7
rosario,Rosario,pampa,-32.9468,-60.6393,2026-07-14,16.8,7.4,12.1
rosario,Rosario,pampa,-32.9468,-60.6393,2026-07-15,20.1,11.9,16.0
rosario,Rosario,pampa,-32.9468,-60.6393,2026-07-16,26.0,15.1,20.6
rosario,Rosario,pampa,-32.9468,-60.6393,2026-07-17,25.2,16.7,20.9
rosario,Rosario,pampa,-32.9468,-60.6393,2026-07-18,20.6,15.9,18.2
rosario,Rosario,pampa,-32.9468,-60.6393,2026-07-19,15.5,11.8,13.7
rosario,Rosario,pampa,-32.9468,-60.6393,2026-07-20,13.2,10.1,11.6
rosario,Rosario,pampa,-32.9468,-60.6393,2026-07-21,12.5,9.8,11.2
rosario,Rosario,pampa,-32.9468,-60.6393,2026-07-22,14.1,10.3,12.2
rosario,Rosario,pampa,-32.9468,-60.6393,2026-07-23,14.3,9.0,11.7
rosario,Rosario,pampa,-32.9468,-60.6393,2026-07-24,17.6,11.1,14.4
rosario,Rosario,pampa,-32.9468,-60.6393,2026-07-25,18.4,9.8,14.1
rosario,Rosario,pampa,-32.9468,-60.6393,2026-07-26,19.7,13.7,16.7
rosario,Rosario,pampa,-32.9468,-60.6393,2026-07-27,22.5,14.2,18.4
rosario,Rosario,pampa,-32.9468,-60.6393,2026-07-28,18.1,13.8,16.0
rosario,Rosario,pampa,-32.9468,-60.6393,2026-07-29,16.0,11.6,13.8
rosario,Rosario,pampa,-32.9468,-60.6393,2026-07-30,18.5,11.1,14.8
rosario,Rosario,pampa,-32.9468,-60.6393,2026-07-31,28.4,16.1,22.2
rosario,Rosario,pampa,-32.9468,-60.6393,2026-08-01,20.1,14.1,17.1
rosario,Rosario,pampa,-32.9468,-60.6393,2026-08-02,21.5,13.2,17.4
rosario,Rosario,pampa,-32.9468,-60.6393,2026-08-03,18.6,14.0,16.3
rosario,Rosario,pampa,-32.9468,-60.6393,2026-08-04,16.4,12.9,14.6
rosario,Rosario,pampa,-32.9468,-60.6393,2026-08-05,19.4,13.9,16.6
rosario,Rosario,pampa,-32.9468,-60.6393,2026-08-06,18.5,9.6,14.1
rosario,Rosario,pampa,-32.9468,-60.6393,2026-08-07,13.9,5.2,9.6
rosario,Rosario,pampa,-32.9468,-60.6393,2026-08-08,14.4,6.3,10.3
rosario,Rosario,pampa,-32.9468,-60.6393,2026-08-09,15.7,3.6,9.7
rosario,Rosario,pampa,-32.9468,-60.6393,2026-08-10,13.1,4.4,8.8
rosario,Rosario,pampa,-32.9468,-60.6393,2026-08-11,12.2,5.1,8.6
rosario,Rosario,pampa,-32.9468,-60.6393,2026-08-12,12.3,7.0,9.7
rosario,Rosario,pampa,-32.9468,-60.6393,2026-08-13,10.4,7.9,9.2
rosario,Rosario,pampa,-32.9468,-60.6393,2026-08-14,13.8,8.2,11.0
rosario,Rosario,pampa,-32.9468,-60.6393,2026-08-15,16.3,12.1,14.2
rosario,Rosario,pampa,-32.9468,-60.6393,2026-08-16,18.0,10.3,14.2
rosario,Rosario,pampa,-32.9468,-60.6393,2026-08-17,14.2,11.7,12.9
rosario,Rosario,pampa,-32.9468,-60.6393,2026-08-18,12.2,8.5,10.3
rosario,Rosario,pampa,-32.9468,-60.6393,2026-08-19,16.3,6.4,11.4
rosario,Rosario,pampa,-32.9468,-60.6393,2026-08-20,19.9,7.5,13.7
rosario,Rosario,pampa,-32.9468,-60.6393,2026-08-21,12.3,6.7,9.5
rosario,Rosario,pampa,-32.9468,-60.6393,2026-08-22,13.4,2.0,7.7
rosario,Rosario,pampa,-32.9468,-60.6393,2026-08-23,15.0,5.0,10.0
rosario,Rosario,pampa,-32.9468,-60.6393,2026-08-24,14.5,6.5,10.5
rosario,Rosario,pampa,-32.9468,-60.6393,2026-08-25,17.9,8.8,13.3
rosario,Rosario,pampa,-32.9468,-60.6393,2026-08-26,20.6,9.5,15.1
rosario,Rosario,pampa,-32.9468,-60.6393,2026-08-27,17.5,12.7,15.1
rosario,Rosario,pampa,-32.9468,-60.6393,2026-08-28,20.2,10.9,15.6
rosario,Rosario,pampa,-32.9468,-60.6393,2026-08-29,19.6,10.6,15.1
rosario,Rosario,pampa,-32.9468,-60.6393,2026-08-30,21.9,9.4,15.6
rosario,Rosario,pampa,-32.9468,-60.6393,2026-08-31,20.4,11.8,16.1
rosario,Rosario,pampa,-32.9468,-60.6393,2026-09-01,20.9,11.6,16.2
rosario,Rosario,pampa,-32.9468,-60.6393,2026-09-02,23.3,12.6,17.9
rosario,Rosario,pampa,-32.9468,-60.6393,2026-09-03,19.9,12.5,16.2
rosario,Rosario,pampa,-32.9468,-60.6393,2026-09-04,19.7,7.7,13.7
rosario,Rosario,pampa,-32.9468,-60.6393,2026-09-05,14.1,7.6,10.8
rosario,Rosario,pampa,-32.9468,-60.6393,2026-09-06,11.2,3.9,7.5
rosario,Rosario,pampa,-32.9468,-60.6393,2026-09-07,13.9,4.3,9.1
cordoba,Córdoba,centro,-31.4201,-64.1888,2024-09-07,24.5,8.6,16.6
cordoba,Córdoba,centro,-31.4201,-64.1888,2024-09-08,25.4,10.4,17.9
cordoba,Córdoba,centro,-31.4201,-64.1888,2024-09-09,27.0,9.2,18.1
cordoba,Córdoba,centro,-31.4201,-64.1888,2024-09-10,30.6,12.0,21.3
cordoba,Córdoba,centro,-31.4201,-64.1888,2024-09-11,21.2,12.1,16.6
cordoba,Córdoba,centro,-31.4201,-64.1888,2024-09-12,21.1,6.6,13.9
cordoba,Córdoba,centro,-31.4201,-64.1888,2024-09-13,24.4,7.9,16.1
cordoba,Córdoba,centro,-31.4201,-64.1888,2024-09-14,22.5,9.7,16.1
cordoba,Córdoba,centro,-31.4201,-64.1888,2024-09-15,24.0,9.4,16.7
cordoba,Córdoba,centro,-31.4201,-64.1888,2024-09-16,26.1,6.9,16.5
cordoba,Córdoba,centro,-31.4201,-64.1888,2024-09-17,27.2,12.1,19.6
cordoba,Córdoba,centro,-31.4201,-64.1888,2024-09-18,30.8,8.6,19.7
cordoba,Córdoba,centro,-31.4201,-64.1888,2024-09-19,34.2,18.0,26.1
cordoba,Córdoba,centro,-31.4201,-64.1888,2024-09-20,25.0,10.5,17.8
cordoba,Córdoba,centro,-31.4201,-64.1888,2024-09-21,30.7,11.5,21.1
cordoba,Córdoba,centro,-31.4201,-64.1888,2024-09-22,26.1,16.9,21.5
cordoba,Córdoba,centro,-31.4201,-64.1888,2024-09-23,25.7,13.3,19.5
cordoba,Córdoba,centro,-31.4201,-64.1888,2024-09-24,24.9,10.8,17.9
cordoba,Córdoba,centro,-31.4201,-64.1888,2024-09-25,23.5,11.0,17.2
cordoba,Córdoba,centro,-31.4201,-64.1888,2024-09-26,20.2,11.5,15.8
cordoba,Córdoba,centro,-31.4201,-64.1888,2024-09-27,24.6,10.2,17.4
cordoba,Córdoba,centro,-31.4201,-64.1888,2024-09-28,30.6,13.3,22.0
cordoba,Córdoba,centro,-31.4201,-64.1888,2024-09-29,34.3,16.5,25.4
cordoba,Córdoba,centro,-31.4201,-64.1888,2024-09-30,40.0,18.8,29.4
cordoba,Córdoba,centro,-31.4201,-64.1888,2024-10-01,24.6,16.7,20.6
cordoba,Córdoba,centro,-31.4201,-64.1888,2024-10-02,22.1,11.0,16.6
cordoba,Córdoba,centro,-31.4201,-64.1888,2024-10-03,24.0,8.0,16.0
cordoba,Córdoba,centro,-31.4201,-64.1888,2024-10-04,27.0,12.3,19.6
cordoba,Córdoba,centro,-31.4201,-64.1888,2024-10-05,31.7,13.0,22.4
cordoba,Córdoba,centro,-31.4201,-64.1888,2024-10-06,29.2,16.9,23.0
cordoba,Córdoba,centro,-31.4201,-64.1888,2024-10-07,22.9,16.8,19.9
cordoba,Córdoba,centro,-31.4201,-64.1888,2024-10-08,21.8,15.5,18.6
cordoba,Córdoba,centro,-31.4201,-64.1888,2024-10-09,15.7,13.4,14.6
cordoba,Córdoba,centro,-31.4201,-64.1888,2024-10-10,23.9,10.5,17.2
cordoba,Córdoba,centro,-31.4201,-64.1888,2024-10-11,28.2,11.4,19.8
cordoba,Córdoba,centro,-31.4201,-64.1888,2024-10-12,23.5,15.2,19.4
cordoba,Córdoba,centro,-31.4201,-64.1888,2024-10-13,21.6,15.9,18.8
cordoba,Córdoba,centro,-31.4201,-64.1888,2024-10-14,22.9,16.1,19.5
cordoba,Córdoba,centro,-31.4201,-64.1888,2024-10-15,22.7,17.9,20.3
cordoba,Córdoba,centro,-31.4201,-64.1888,2024-10-16,24.6,16.1,20.4
cordoba,Córdoba,centro,-31.4201,-64.1888,2024-10-17,21.6,16.7,19.1
cordoba,Córdoba,centro,-31.4201,-64.1888,2024-10-18,25.7,13.6,19.6
cordoba,Córdoba,centro,-31.4201,-64.1888,2024-10-19,27.7,15.4,21.6
cordoba,Córdoba,centro,-31.4201,-64.1888,2024-10-20,30.1,17.7,23.9
cordoba,Córdoba,centro,-31.4201,-64.1888,2024-10-21,30.1,18.6,24.4
cordoba,Córdoba,centro,-31.4201,-64.1888,2024-10-22,25.2,18.5,21.9
cordoba,Córdoba,centro,-31.4201,-64.1888,2024-10-23,27.7,17.8,22.8
cordoba,Córdoba,centro,-31.4201,-64.1888,2024-10-24,26.6,14.3,20.5
cordoba,Córdoba,centro,-31.4201,-64.1888,2024-10-25,20.1,11.4,15.8
cordoba,Córdoba,centro,-31.4201,-64.1888,2024-10-26,25.1,9.0,17.1
cordoba,Córdoba,centro,-31.4201,-64.1888,2024-10-27,25.5,11.5,18.5
cordoba,Córdoba,centro,-31.4201,-64.1888,2024-10-28,30.2,12.4,21.3
cordoba,Córdoba,centro,-31.4201,-64.1888,2024-10-29,31.3,15.6,23.4
cordoba,Córdoba,centro,-31.4201,-64.1888,2024-10-30,31.0,17.1,24.1
cordoba,Córdoba,centro,-31.4201,-64.1888,2024-10-31,26.7,18.7,22.7
cordoba,Córdoba,centro,-31.4201,-64.1888,2024-11-01,30.8,17.3,24.1
cordoba,Córdoba,centro,-31.4201,-64.1888,2024-11-02,22.8,17.1,20.0
cordoba,Córdoba,centro,-31.4201,-64.1888,2024-11-03,25.5,15.4,20.4
cordoba,Córdoba,centro,-31.4201,-64.1888,2024-11-04,27.3,18.3,22.8
cordoba,Córdoba,centro,-31.4201,-64.1888,2024-11-05,25.3,15.4,20.4
cordoba,Córdoba,centro,-31.4201,-64.1888,2024-11-06,28.0,15.3,21.6
cordoba,Córdoba,centro,-31.4201,-64.1888,2024-11-07,26.2,17.3,21.8
cordoba,Córdoba,centro,-31.4201,-64.1888,2024-11-08,27.1,14.9,21.0
cordoba,Córdoba,centro,-31.4201,-64.1888,2024-11-09,30.2,16.0,23.1
cordoba,Córdoba,centro,-31.4201,-64.1888,2024-11-10,34.8,19.2,27.0
cordoba,Córdoba,centro,-31.4201,-64.1888,2024-11-11,24.6,15.6,20.1
cordoba,Córdoba,centro,-31.4201,-64.1888,2024-11-12,28.9,11.2,20.0
cordoba,Córdoba,centro,-31.4201,-64.1888,2024-11-13,33.2,15.5,24.4
cordoba,Córdoba,centro,-31.4201,-64.1888,2024-11-14,35.3,18.8,27.0
cordoba,Córdoba,centro,-31.4201,-64.1888,2024-11-15,36.1,21.2,28.6
cordoba,Córdoba,centro,-31.4201,-64.1888,2024-11-16,34.8,20.2,27.5
cordoba,Córdoba,centro,-31.4201,-64.1888,2024-11-17,22.7,16.2,19.4
cordoba,Córdoba,centro,-31.4201,-64.1888,2024-11-18,24.2,14.3,19.2
cordoba,Córdoba,centro,-31.4201,-64.1888,2024-11-19,22.0,15.6,18.8
cordoba,Córdoba,centro,-31.4201,-64.1888,2024-11-20,26.1,14.8,20.5
cordoba,Córdoba,centro,-31.4201,-64.1888,2024-11-21,26.3,18.3,22.3
cordoba,Córdoba,centro,-31.4201,-64.1888,2024-11-22,28.8,18.0,23.4
cordoba,Córdoba,centro,-31.4201,-64.1888,2024-11-23,31.3,19.2,25.2
cordoba,Córdoba,centro,-31.4201,-64.1888,2024-11-24,33.2,22.6,27.9
cordoba,Córdoba,centro,-31.4201,-64.1888,2024-11-25,28.6,21.5,25.1
cordoba,Córdoba,centro,-31.4201,-64.1888,2024-11-26,27.1,21.3,24.2
cordoba,Córdoba,centro,-31.4201,-64.1888,2024-11-27,26.0,20.4,23.2
cordoba,Córdoba,centro,-31.4201,-64.1888,2024-11-28,28.4,20.3,24.4
cordoba,Córdoba,centro,-31.4201,-64.1888,2024-11-29,21.7,17.3,19.5
cordoba,Córdoba,centro,-31.4201,-64.1888,2024-11-30,20.5,17.1,18.8
cordoba,Córdoba,centro,-31.4201,-64.1888,2024-12-01,27.1,16.8,22.0
cordoba,Córdoba,centro,-31.4201,-64.1888,2024-12-02,23.9,14.7,19.3
cordoba,Córdoba,centro,-31.4201,-64.1888,2024-12-03,23.8,13.3,18.6
cordoba,Córdoba,centro,-31.4201,-64.1888,2024-12-04,29.9,16.0,22.9
cordoba,Córdoba,centro,-31.4201,-64.1888,2024-12-05,35.5,18.5,27.0
cordoba,Córdoba,centro,-31.4201,-64.1888,2024-12-06,29.5,20.7,25.1
cordoba,Córdoba,centro,-31.4201,-64.1888,2024-12-07,21.1,17.4,19.2
cordoba,Córdoba,centro,-31.4201,-64.1888,2024-12-08,21.8,15.0,18.4
cordoba,Córdoba,centro,-31.4201,-64.1888,2024-12-09,27.7,14.8,21.2
cordoba,Córdoba,centro,-31.4201,-64.1888,2024-12-10,32.3,15.8,24.0
cordoba,Córdoba,centro,-31.4201,-64.1888,2024-12-11,34.5,19.3,26.9
cordoba,Córdoba,centro,-31.4201,-64.1888,2024-12-12,34.2,18.4,26.3
cordoba,Córdoba,centro,-31.4201,-64.1888,2024-12-13,28.6,16.6,22.6
cordoba,Córdoba,centro,-31.4201,-64.1888,2024-12-14,30.8,15.9,23.4
cordoba,Córdoba,centro,-31.4201,-64.1888,2024-12-15,30.5,17.2,23.9
cordoba,Córdoba,centro,-31.4201,-64.1888,2024-12-16,31.0,17.7,24.4
cordoba,Córdoba,centro,-31.4201,-64.1888,2024-12-17,31.3,19.0,25.1
cordoba,Córdoba,centro,-31.4201,-64.1888,2024-12-18,24.0,17.3,20.6
cordoba,Córdoba,centro,-31.4201,-64.1888,2024-12-19,30.1,15.1,22.6
cordoba,Córdoba,centro,-31.4201,-64.1888,2024-12-20,31.6,18.6,25.1
cordoba,Córdoba,centro,-31.4201,-64.1888,2024-12-21,21.9,16.6,19.2
cordoba,Córdoba,centro,-31.4201,-64.1888,2024-12-22,27.1,15.1,21.1
cordoba,Córdoba,centro,-31.4201,-64.1888,2024-12-23,33.0,18.8,25.9
cordoba,Córdoba,centro,-31.4201,-64.1888,2024-12-24,25.2,18.6,21.9
cordoba,Córdoba,centro,-31.4201,-64.1888,2024-12-25,26.7,15.0,20.9
cordoba,Córdoba,centro,-31.4201,-64.1888,2024-12-26,27.6,15.5,21.6
cordoba,Córdoba,centro,-31.4201,-64.1888,2024-12-27,30.3,17.1,23.7
cordoba,Córdoba,centro,-31.4201,-64.1888,2024-12-28,29.9,18.8,24.4
cordoba,Córdoba,centro,-31.4201,-64.1888,2024-12-29,31.0,19.4,25.2
cordoba,Córdoba,centro,-31.4201,-64.1888,2024-12-30,32.2,19.5,25.9
cordoba,Córdoba,centro,-31.4201,-64.1888,2024-12-31,34.2,19.9,27.1
cordoba,Córdoba,centro,-31.4201,-64.1888,2025-01-01,30.7,19.2,24.9
cordoba,Córdoba,centro,-31.4201,-64.1888,2025-01-02,32.1,19.8,26.0
cordoba,Córdoba,centro,-31.4201,-64.1888,2025-01-03,32.5,19.5,26.0
cordoba,Córdoba,centro,-31.4201,-64.1888,2025-01-04,36.7,20.0,28.4
cordoba,Córdoba,centro,-31.4201,-64.1888,2025-01-05,32.7,22.1,27.4
cordoba,Córdoba,centro,-31.4201,-64.1888,2025-01-06,34.6,23.5,29.1
cordoba,Córdoba,centro,-31.4201,-64.1888,2025-01-07,33.7,20.0,26.9
cordoba,Córdoba,centro,-31.4201,-64.1888,2025-01-08,32.4,22.5,27.4
cordoba,Córdoba,centro,-31.4201,-64.1888,2025-01-09,31.6,22.4,27.0
cordoba,Córdoba,centro,-31.4201,-64.1888,2025-01-10,29.4,19.4,24.4
cordoba,Córdoba,centro,-31.4201,-64.1888,2025-01-11,31.9,18.3,25.1
cordoba,Córdoba,centro,-31.4201,-64.1888,2025-01-12,33.1,19.7,26.4
cordoba,Córdoba,centro,-31.4201,-64.1888,2025-01-13,34.1,20.6,27.4
cordoba,Córdoba,centro,-31.4201,-64.1888,2025-01-14,35.7,22.0,28.9
cordoba,Córdoba,centro,-31.4201,-64.1888,2025-01-15,36.8,21.6,29.2
cordoba,Córdoba,centro,-31.4201,-64.1888,2025-01-16,35.7,22.8,29.2
cordoba,Córdoba,centro,-31.4201,-64.1888,2025-01-17,31.0,23.7,27.4
cordoba,Córdoba,centro,-31.4201,-64.1888,2025-01-18,25.5,20.1,22.8
cordoba,Córdoba,centro,-31.4201,-64.1888,2025-01-19,25.7,18.7,22.2
cordoba,Córdoba,centro,-31.4201,-64.1888,2025-01-20,26.7,16.4,21.5
cordoba,Córdoba,centro,-31.4201,-64.1888,2025-01-21,32.3,17.3,24.8
cordoba,Córdoba,centro,-31.4201,-64.1888,2025-01-22,32.9,18.7,25.8
cordoba,Córdoba,centro,-31.4201,-64.1888,2025-01-23,32.4,21.7,27.0
cordoba,Córdoba,centro,-31.4201,-64.1888,2025-01-24,33.1,22.2,27.6
cordoba,Córdoba,centro,-31.4201,-64.1888,2025-01-25,30.7,21.1,25.9
cordoba,Córdoba,centro,-31.4201,-64.1888,2025-01-26,31.5,21.5,26.5
cordoba,Córdoba,centro,-31.4201,-64.1888,2025-01-27,31.2,21.2,26.2
cordoba,Córdoba,centro,-31.4201,-64.1888,2025-01-28,26.8,20.1,23.5
cordoba,Córdoba,centro,-31.4201,-64.1888,2025-01-29,28.7,18.6,23.6
cordoba,Córdoba,centro,-31.4201,-64.1888,2025-01-30,30.9,18.3,24.6
cordoba,Córdoba,centro,-31.4201,-64.1888,2025-01-31,32.4,19.9,26.1
cordoba,Córdoba,centro,-31.4201,-64.1888,2025-02-01,32.4,19.9,26.1
cordoba,Córdoba,centro,-31.4201,-64.1888,2025-02-02,34.2,21.0,27.6
cordoba,Córdoba,centro,-31.4201,-64.1888,2025-02-03,36.9,21.9,29.4
cordoba,Córdoba,centro,-31.4201,-64.1888,2025-02-04,28.2,22.7,25.4
cordoba,Córdoba,centro,-31.4201,-64.1888,2025-02-05,30.5,21.5,26.0
cordoba,Córdoba,centro,-31.4201,-64.1888,2025-02-06,31.7,18.9,25.3
cordoba,Córdoba,centro,-31.4201,-64.1888,2025-02-07,35.0,21.1,28.1
cordoba,Córdoba,centro,-31.4201,-64.1888,2025-02-08,40.5,24.2,32.4
cordoba,Córdoba,centro,-31.4201,-64.1888,2025-02-09,39.2,23.8,31.5
cordoba,Córdoba,centro,-31.4201,-64.1888,2025-02-10,40.8,26.8,33.8
cordoba,Córdoba,centro,-31.4201,-64.1888,2025-02-11,31.3,24.7,28.0
cordoba,Córdoba,centro,-31.4201,-64.1888,2025-02-12,25.0,19.6,22.3
cordoba,Córdoba,centro,-31.4201,-64.1888,2025-02-13,26.0,18.6,22.3
cordoba,Córdoba,centro,-31.4201,-64.1888,2025-02-14,34.7,21.3,28.0
cordoba,Córdoba,centro,-31.4201,-64.1888,2025-02-15,27.5,21.0,24.2
cordoba,Córdoba,centro,-31.4201,-64.1888,2025-02-16,28.6,20.9,24.8
cordoba,Córdoba,centro,-31.4201,-64.1888,2025-02-17,29.6,19.1,24.4
cordoba,Córdoba,centro,-31.4201,-64.1888,2025-02-18,24.6,15.7,20.1
cordoba,Córdoba,centro,-31.4201,-64.1888,2025-02-19,33.2,17.3,25.2
cordoba,Córdoba,centro,-31.4201,-64.1888,2025-02-20,34.7,20.9,27.8
cordoba,Córdoba,centro,-31.4201,-64.1888,2025-02-21,36.6,21.9,29.2
cordoba,Córdoba,centro,-31.4201,-64.1888,2025-02-22,38.6,23.8,31.2
cordoba,Córdoba,centro,-31.4201,-64.1888,2025-02-23,39.1,25.2,32.1
cordoba,Córdoba,centro,-31.4201,-64.1888,2025-02-24,36.9,25.4,31.1
cordoba,Córdoba,centro,-31.4201,-64.1888,2025-02-25,25.1,20.8,23.0
cordoba,Córdoba,centro,-31.4201,-64.1888,2025-02-26,27.5,21.0,24.2
cordoba,Córdoba,centro,-31.4201,-64.1888,2025-02-27,29.1,20.6,24.9
cordoba,Córdoba,centro,-31.4201,-64.1888,2025-02-28,30.2,21.7,25.9
cordoba,Córdoba,centro,-31.4201,-64.1888,2025-03-01,26.2,20.7,23.4
cordoba,Córdoba,centro,-31.4201,-64.1888,2025-03-02,26.6,20.6,23.6
cordoba,Córdoba,centro,-31.4201,-64.1888,2025-03-03,28.7,21.3,25.0
cordoba,Córdoba,centro,-31.4201,-64.1888,2025-03-04,30.3,20.6,25.5
cordoba,Córdoba,centro,-31.4201,-64.1888,2025-03-05,32.2,22.4,27.3
cordoba,Córdoba,centro,-31.4201,-64.1888,2025-03-06,33.2,22.3,27.8
cordoba,Córdoba,centro,-31.4201,-64.1888,2025-03-07,33.7,23.1,28.4
cordoba,Córdoba,centro,-31.4201,-64.1888,2025-03-08,23.4,15.2,19.3
cordoba,Córdoba,centro,-31.4201,-64.1888,2025-03-09,21.3,12.9,17.1
cordoba,Córdoba,centro,-31.4201,-64.1888,2025-03-10,27.5,13.5,20.5
cordoba,Córdoba,centro,-31.4201,-64.1888,2025-03-11,26.6,15.6,21.1
cordoba,Córdoba,centro,-31.4201,-64.1888,2025-03-12,15.8,12.7,14.2
cordoba,Córdoba,centro,-31.4201,-64.1888,2025-03-13,18.5,13.6,16.1
cordoba,Córdoba,centro,-31.4201,-64.1888,2025-03-14,19.6,13.7,16.6
cordoba,Córdoba,centro,-31.4201,-64.1888,2025-03-15,23.7,15.9,19.8
cordoba,Córdoba,centro,-31.4201,-64.1888,2025-03-16,24.9,16.5,20.7
cordoba,Córdoba,centro,-31.4201,-64.1888,2025-03-17,26.0,17.4,21.7
cordoba,Córdoba,centro,-31.4201,-64.1888,2025-03-18,29.1,17.7,23.4
cordoba,Córdoba,centro,-31.4201,-64.1888,2025-03-19,29.5,18.8,24.1
cordoba,Córdoba,centro,-31.4201,-64.1888,2025-03-20,28.7,17.4,23.0
cordoba,Córdoba,centro,-31.4201,-64.1888,2025-03-21,27.4,17.6,22.5
cordoba,Córdoba,centro,-31.4201,-64.1888,2025-03-22,27.8,15.6,21.7
cordoba,Córdoba,centro,-31.4201,-64.1888,2025-03-23,23.1,17.1,20.1
cordoba,Córdoba,centro,-31.4201,-64.1888,2025-03-24,18.6,15.8,17.2
cordoba,Córdoba,centro,-31.4201,-64.1888,2025-03-25,21.3,15.7,18.5
cordoba,Córdoba,centro,-31.4201,-64.1888,2025-03-26,25.0,17.3,21.1
cordoba,Córdoba,centro,-31.4201,-64.1888,2025-03-27,23.6,18.5,21.1
cordoba,Córdoba,centro,-31.4201,-64.1888,2025-03-28,21.9,18.9,20.4
cordoba,Córdoba,centro,-31.4201,-64.1888,2025-03-29,23.1,17.7,20.4
cordoba,Córdoba,centro,-31.4201,-64.1888,2025-03-30,30.4,14.8,22.6
cordoba,Córdoba,centro,-31.4201,-64.1888,2025-03-31,18.7,11.9,15.3
cordoba,Córdoba,centro,-31.4201,-64.1888,2025-04-01,17.8,8.2,13.0
cordoba,Córdoba,centro,-31.4201,-64.1888,2025-04-02,22.4,8.7,15.5
cordoba,Córdoba,centro,-31.4201,-64.1888,2025-04-03,23.3,11.4,17.4
cordoba,Córdoba,centro,-31.4201,-64.1888,2025-04-04,13.9,7.7,10.8
cordoba,Córdoba,centro,-31.4201,-64.1888,2025-04-05,16.5,6.2,11.3
cordoba,Córdoba,centro,-31.4201,-64.1888,2025-04-06,16.5,7.5,12.0
cordoba,Córdoba,centro,-31.4201,-64.1888,2025-04-07,21.0,11.1,16.1
cordoba,Córdoba,centro,-31.4201,-64.1888,2025-04-08,19.7,11.8,15.8
cordoba,Córdoba,centro,-31.4201,-64.1888,2025-04-09,21.4,12.1,16.8
cordoba,Córdoba,centro,-31.4201,-64.1888,2025-04-10,22.5,12.7,17.6
cordoba,Córdoba,centro,-31.4201,-64.1888,2025-04-11,22.8,14.0,18.4
cordoba,Córdoba,centro,-31.4201,-64.1888,2025-04-12,20.5,14.5,17.5
cordoba,Córdoba,centro,-31.4201,-64.1888,2025-04-13,21.2,10.6,15.9
cordoba,Córdoba,centro,-31.4201,-64.1888,2025-04-14,21.6,12.8,17.2
cordoba,Córdoba,centro,-31.4201,-64.1888,2025-04-15,23.3,12.8,18.1
cordoba,Córdoba,centro,-31.4201,-64.1888,2025-04-16,25.4,15.2,20.3
cordoba,Córdoba,centro,-31.4201,-64.1888,2025-04-17,26.7,15.0,20.9
cordoba,Córdoba,centro,-31.4201,-64.1888,2025-04-18,19.1,14.9,17.0
cordoba,Córdoba,centro,-31.4201,-64.1888,2025-04-19,18.0,13.5,15.8
cordoba,Córdoba,centro,-31.4201,-64.1888,2025-04-20,16.3,11.7,14.0
cordoba,Córdoba,centro,-31.4201,-64.1888,2025-04-21,21.9,10.8,16.4
cordoba,Córdoba,centro,-31.4201,-64.1888,2025-04-22,24.3,13.3,18.8
cordoba,Córdoba,centro,-31.4201,-64.1888,2025-04-23,25.2,14.0,19.6
cordoba,Córdoba,centro,-31.4201,-64.1888,2025-04-24,22.5,16.2,19.4
cordoba,Córdoba,centro,-31.4201,-64.1888,2025-04-25,27.4,14.1,20.8
cordoba,Córdoba,centro,-31.4201,-64.1888,2025-04-26,18.5,13.0,15.8
cordoba,Córdoba,centro,-31.4201,-64.1888,2025-04-27,22.2,10.8,16.5
cordoba,Córdoba,centro,-31.4201,-64.1888,2025-04-28,25.2,9.9,17.6
cordoba,Córdoba,centro,-31.4201,-64.1888,2025-04-29,26.5,11.5,19.0
cordoba,Córdoba,centro,-31.4201,-64.1888,2025-04-30,24.7,13.0,18.9
cordoba,Córdoba,centro,-31.4201,-64.1888,2025-05-01,27.8,14.0,20.9
cordoba,Córdoba,centro,-31.4201,-64.1888,2025-05-02,25.6,13.8,19.7
cordoba,Córdoba,centro,-31.4201,-64.1888,2025-05-03,26.9,14.2,20.5
cordoba,Córdoba,centro,-31.4201,-64.1888,2025-05-04,24.3,18.7,21.5
cordoba,Córdoba,centro,-31.4201,-64.1888,2025-05-05,19.5,16.4,17.9
cordoba,Córdoba,centro,-31.4201,-64.1888,2025-05-06,24.2,16.8,20.5
cordoba,Córdoba,centro,-31.4201,-64.1888,2025-05-07,22.0,17.6,19.8
cordoba,Córdoba,centro,-31.4201,-64.1888,2025-05-08,20.5,15.4,17.9
cordoba,Córdoba,centro,-31.4201,-64.1888,2025-05-09,21.8,12.9,17.4
cordoba,Córdoba,centro,-31.4201,-64.1888,2025-05-10,24.8,11.7,18.2
cordoba,Córdoba,centro,-31.4201,-64.1888,2025-05-11,23.8,13.7,18.8
cordoba,Córdoba,centro,-31.4201,-64.1888,2025-05-12,22.2,13.6,17.9
cordoba,Córdoba,centro,-31.4201,-64.1888,2025-05-13,24.4,13.0,18.7
cordoba,Córdoba,centro,-31.4201,-64.1888,2025-05-14,23.2,16.3,19.8
cordoba,Córdoba,centro,-31.4201,-64.1888,2025-05-15,27.6,17.9,22.8
cordoba,Córdoba,centro,-31.4201,-64.1888,2025-05-16,24.6,17.9,21.2
cordoba,Córdoba,centro,-31.4201,-64.1888,2025-05-17,29.6,17.1,23.4
cordoba,Córdoba,centro,-31.4201,-64.1888,2025-05-18,17.6,11.2,14.4
cordoba,Córdoba,centro,-31.4201,-64.1888,2025-05-19,18.0,7.5,12.8
cordoba,Córdoba,centro,-31.4201,-64.1888,2025-05-20,18.5,7.8,13.2
cordoba,Córdoba,centro,-31.4201,-64.1888,2025-05-21,16.7,8.7,12.7
cordoba,Córdoba,centro,-31.4201,-64.1888,2025-05-22,14.9,11.6,13.2
cordoba,Córdoba,centro,-31.4201,-64.1888,2025-05-23,19.3,10.8,15.1
cordoba,Córdoba,centro,-31.4201,-64.1888,2025-05-24,21.4,12.9,17.1
cordoba,Córdoba,centro,-31.4201,-64.1888,2025-05-25,17.8,11.6,14.7
cordoba,Córdoba,centro,-31.4201,-64.1888,2025-05-26,21.3,12.8,17.1
cordoba,Córdoba,centro,-31.4201,-64.1888,2025-05-27,16.0,7.6,11.8
cordoba,Córdoba,centro,-31.4201,-64.1888,2025-05-28,12.5,4.8,8.7
cordoba,Córdoba,centro,-31.4201,-64.1888,2025-05-29,14.2,2.2,8.2
cordoba,Córdoba,centro,-31.4201,-64.1888,2025-05-30,15.9,1.6,8.8
cordoba,Córdoba,centro,-31.4201,-64.1888,2025-05-31,17.1,6.4,11.8
cordoba,Córdoba,centro,-31.4201,-64.1888,2025-06-01,17.2,4.8,11.0
cordoba,Córdoba,centro,-31.4201,-64.1888,2025-06-02,17.3,4.5,10.9
cordoba,Córdoba,centro,-31.4201,-64.1888,2025-06-03,18.1,6.8,12.5
cordoba,Córdoba,centro,-31.4201,-64.1888,2025-06-04,20.9,6.2,13.5
cordoba,Córdoba,centro,-31.4201,-64.1888,2025-06-05,18.9,7.3,13.1
cordoba,Córdoba,centro,-31.4201,-64.1888,2025-06-06,19.6,5.3,12.5
cordoba,Córdoba,centro,-31.4201,-64.1888,2025-06-07,14.5,9.4,11.9
cordoba,Córdoba,centro,-31.4201,-64.1888,2025-06-08,16.6,6.8,11.7
cordoba,Córdoba,centro,-31.4201,-64.1888,2025-06-09,17.2,4.7,10.9
cordoba,Córdoba,centro,-31.4201,-64.1888,2025-06-10,19.2,6.6,12.9
cordoba,Córdoba,centro,-31.4201,-64.1888,2025-06-11,16.4,7.7,12.0
cordoba,Córdoba,centro,-31.4201,-64.1888,2025-06-12,16.5,6.3,11.4
cordoba,Córdoba,centro,-31.4201,-64.1888,2025-06-13,18.0,9.6,13.8
cordoba,Córdoba,centro,-31.4201,-64.1888,2025-06-14,15.5,7.4,11.4
cordoba,Córdoba,centro,-31.4201,-64.1888,2025-06-15,18.8,5.6,12.2
cordoba,Córdoba,centro,-31.4201,-64.1888,2025-06-16,16.7,8.3,12.5
cordoba,Córdoba,centro,-31.4201,-64.1888,2025-06-17,15.5,7.4,11.4
cordoba,Córdoba,centro,-31.4201,-64.1888,2025-06-18,15.2,5.0,10.1
cordoba,Córdoba,centro,-31.4201,-64.1888,2025-06-19,16.9,3.1,10.0
cordoba,Córdoba,centro,-31.4201,-64.1888,2025-06-20,18.4,3.4,10.9
cordoba,Córdoba,centro,-31.4201,-64.1888,2025-06-21,17.9,3.6,10.8
cordoba,Córdoba,centro,-31.4201,-64.1888,2025-06-22,17.5,6.6,12.1
cordoba,Córdoba,centro,-31.4201,-64.1888,2025-06-23,11.0,2.4,6.7
cordoba,Córdoba,centro,-31.4201,-64.1888,2025-06-24,18.0,1.2,9.6
cordoba,Córdoba,centro,-31.4201,-64.1888,2025-06-25,14.4,3.8,9.1
cordoba,Córdoba,centro,-31.4201,-64.1888,2025-06-26,15.0,2.1,8.6
cordoba,Córdoba,centro,-31.4201,-64.1888,2025-06-27,14.8,0.8,7.8
cordoba,Córdoba,centro,-31.4201,-64.1888,2025-06-28,14.0,2.0,8.0
cordoba,Córdoba,centro,-31.4201,-64.1888,2025-06-29,5.6,2.1,3.8
cordoba,Córdoba,centro,-31.4201,-64.1888,2025-06-30,5.9,-2.5,1.7
cordoba,Córdoba,centro,-31.4201,-64.1888,2025-07-01,8.2,-0.3,3.9
cordoba,Córdoba,centro,-31.4201,-64.1888,2025-07-02,10.4,1.6,6.0
cordoba,Córdoba,centro,-31.4201,-64.1888,2025-07-03,15.3,3.7,9.5
cordoba,Córdoba,centro,-31.4201,-64.1888,2025-07-04,17.3,4.5,10.9
cordoba,Córdoba,centro,-31.4201,-64.1888,2025-07-05,17.5,5.0,11.2
cordoba,Córdoba,centro,-31.4201,-64.1888,2025-07-06,21.0,11.3,16.1
cordoba,Córdoba,centro,-31.4201,-64.1888,2025-07-07,20.3,11.5,15.9
cordoba,Córdoba,centro,-31.4201,-64.1888,2025-07-08,20.9,8.5,14.7
cordoba,Córdoba,centro,-31.4201,-64.1888,2025-07-09,22.4,12.9,17.6
cordoba,Córdoba,centro,-31.4201,-64.1888,2025-07-10,15.4,9.8,12.6
cordoba,Córdoba,centro,-31.4201,-64.1888,2025-07-11,13.8,8.3,11.1
cordoba,Córdoba,centro,-31.4201,-64.1888,2025-07-12,15.4,9.1,12.2
cordoba,Córdoba,centro,-31.4201,-64.1888,2025-07-13,19.7,7.9,13.8
cordoba,Córdoba,centro,-31.4201,-64.1888,2025-07-14,20.5,9.9,15.2
cordoba,Córdoba,centro,-31.4201,-64.1888,2025-07-15,23.1,12.0,17.6
cordoba,Córdoba,centro,-31.4201,-64.1888,2025-07-16,16.1,6.2,11.2
cordoba,Córdoba,centro,-31.4201,-64.1888,2025-07-17,16.7,1.4,9.0
cordoba,Córdoba,centro,-31.4201,-64.1888,2025-07-18,21.3,2.4,11.8
cordoba,Córdoba,centro,-31.4201,-64.1888,2025-07-19,22.3,5.4,13.9
cordoba,Córdoba,centro,-31.4201,-64.1888,2025-07-20,21.5,5.6,13.6
cordoba,Córdoba,centro,-31.4201,-64.1888,2025-07-21,20.2,7.6,13.9
cordoba,Córdoba,centro,-31.4201,-64.1888,2025-07-22,13.6,8.4,11.0
cordoba,Córdoba,centro,-31.4201,-64.1888,2025-07-23,10.6,7.3,8.9
cordoba,Córdoba,centro,-31.4201,-64.1888,2025-07-24,12.3,6.8,9.6
cordoba,Córdoba,centro,-31.4201,-64.1888,2025-07-25,15.7,8.6,12.1
cordoba,Córdoba,centro,-31.4201,-64.1888,2025-07-26,11.4,6.2,8.8
cordoba,Córdoba,centro,-31.4201,-64.1888,2025-07-27,9.7,5.4,7.5
cordoba,Córdoba,centro,-31.4201,-64.1888,2025-07-28,11.6,4.1,7.8
cordoba,Córdoba,centro,-31.4201,-64.1888,2025-07-29,14.5,5.9,10.2
cordoba,Córdoba,centro,-31.4201,-64.1888,2025-07-30,19.7,7.9,13.8
cordoba,Córdoba,centro,-31.4201,-64.1888,2025-07-31,22.1,12.6,17.4
cordoba,Córdoba,centro,-31.4201,-64.1888,2025-08-01,22.6,11.1,16.9
cordoba,Córdoba,centro,-31.4201,-64.1888,2025-08-02,18.4,7.5,12.9
cordoba,Córdoba,centro,-31.4201,-64.1888,2025-08-03,17.4,8.0,12.7
cordoba,Córdoba,centro,-31.4201,-64.1888,2025-08-04,16.4,6.0,11.2
cordoba,Córdoba,centro,-31.4201,-64.1888,2025-08-05,16.7,4.7,10.7
cordoba,Córdoba,centro,-31.4201,-64.1888,2025-08-06,18.0,7.3,12.7
cordoba,Córdoba,centro,-31.4201,-64.1888,2025-08-07,16.6,8.3,12.5
cordoba,Córdoba,centro,-31.4201,-64.1888,2025-08-08,15.6,2.0,8.8
cordoba,Córdoba,centro,-31.4201,-64.1888,2025-08-09,18.0,2.0,10.0
cordoba,Córdoba,centro,-31.4201,-64.1888,2025-08-10,21.1,6.2,13.7
cordoba,Córdoba,centro,-31.4201,-64.1888,2025-08-11,22.5,5.0,13.8
cordoba,Córdoba,centro,-31.4201,-64.1888,2025-08-12,26.2,8.3,17.2
cordoba,Córdoba,centro,-31.4201,-64.1888,2025-08-13,17.6,10.2,13.9
cordoba,Córdoba,centro,-31.4201,-64.1888,2025-08-14,15.2,5.2,10.2
cordoba,Córdoba,centro,-31.4201,-64.1888,2025-08-15,13.2,6.9,10.1
cordoba,Córdoba,centro,-31.4201,-64.1888,2025-08-16,18.1,8.1,13.1
cordoba,Córdoba,centro,-31.4201,-64.1888,2025-08-17,16.2,5.8,11.0
cordoba,Córdoba,centro,-31.4201,-64.1888,2025-08-18,15.3,10.6,12.9
cordoba,Córdoba,centro,-31.4201,-64.1888,2025-08-19,14.5,9.4,11.9
cordoba,Córdoba,centro,-31.4201,-64.1888,2025-08-20,20.2,11.0,15.6
cordoba,Córdoba,centro,-31.4201,-64.1888,2025-08-21,21.4,9.7,15.5
cordoba,Córdoba,centro,-31.4201,-64.1888,2025-08-22,16.5,9.1,12.8
cordoba,Córdoba,centro,-31.4201,-64.1888,2025-08-23,14.2,6.0,10.1
cordoba,Córdoba,centro,-31.4201,-64.1888,2025-08-24,19.2,3.2,11.2
cordoba,Córdoba,centro,-31.4201,-64.1888,2025-08-25,23.0,6.1,14.6
cordoba,Córdoba,centro,-31.4201,-64.1888,2025-08-26,24.4,6.1,15.2
cordoba,Córdoba,centro,-31.4201,-64.1888,2025-08-27,23.6,6.7,15.2
cordoba,Córdoba,centro,-31.4201,-64.1888,2025-08-28,23.6,9.8,16.7
cordoba,Córdoba,centro,-31.4201,-64.1888,2025-08-29,24.4,11.2,17.8
cordoba,Córdoba,centro,-31.4201,-64.1888,2025-08-30,17.4,14.1,15.8
cordoba,Córdoba,centro,-31.4201,-64.1888,2025-08-31,14.2,7.5,10.8
cordoba,Córdoba,centro,-31.4201,-64.1888,2025-09-01,17.7,4.8,11.2
cordoba,Córdoba,centro,-31.4201,-64.1888,2025-09-02,18.2,8.1,13.1
cordoba,Córdoba,centro,-31.4201,-64.1888,2025-09-03,17.0,7.7,12.3
cordoba,Córdoba,centro,-31.4201,-64.1888,2025-09-04,12.6,7.1,9.8
cordoba,Córdoba,centro,-31.4201,-64.1888,2025-09-05,12.1,4.3,8.2
cordoba,Córdoba,centro,-31.4201,-64.1888,2025-09-06,15.2,5.1,10.1
cordoba,Córdoba,centro,-31.4201,-64.1888,2025-09-07,16.0,6.0,11.0
cordoba,Córdoba,centro,-31.4201,-64.1888,2025-09-08,22.2,7.3,14.8
cordoba,Córdoba,centro,-31.4201,-64.1888,2025-09-09,22.8,7.6,15.2
cordoba,Córdoba,centro,-31.4201,-64.1888,2025-09-10,27.2,13.4,20.3
cordoba,Córdoba,centro,-31.4201,-64.1888,2025-09-11,23.4,7.6,15.5
cordoba,Córdoba,centro,-31.4201,-64.1888,2025-09-12,22.4,10.1,16.2
cordoba,Córdoba,centro,-31.4201,-64.1888,2025-09-13,27.8,12.0,19.9
cordoba,Córdoba,centro,-31.4201,-64.1888,2025-09-14,21.4,15.1,18.2
cordoba,Córdoba,centro,-31.4201,-64.1888,2025-09-15,24.6,15.0,19.8
cordoba,Córdoba,centro,-31.4201,-64.1888,2025-09-16,25.3,14.2,19.8
cordoba,Córdoba,centro,-31.4201,-64.1888,2025-09-17,21.5,15.4,18.4
cordoba,Córdoba,centro,-31.4201,-64.1888,2025-09-18,26.3,17.0,21.6
cordoba,Córdoba,centro,-31.4201,-64.1888,2025-09-19,30.0,17.9,23.9
cordoba,Córdoba,centro,-31.4201,-64.1888,2025-09-20,29.0,16.6,22.8
cordoba,Córdoba,centro,-31.4201,-64.1888,2025-09-21,18.4,10.5,14.4
cordoba,Córdoba,centro,-31.4201,-64.1888,2025-09-22,20.7,5.8,13.2
cordoba,Córdoba,centro,-31.4201,-64.1888,2025-09-23,24.0,10.2,17.1
cordoba,Córdoba,centro,-31.4201,-64.1888,2025-09-24,23.4,10.5,16.9
cordoba,Córdoba,centro,-31.4201,-64.1888,2025-09-25,24.5,11.6,18.1
cordoba,Córdoba,centro,-31.4201,-64.1888,2025-09-26,26.6,13.1,19.9
cordoba,Córdoba,centro,-31.4201,-64.1888,2025-09-27,20.3,11.8,16.1
cordoba,Córdoba,centro,-31.4201,-64.1888,2025-09-28,25.7,8.2,16.9
cordoba,Córdoba,centro,-31.4201,-64.1888,2025-09-29,26.0,11.7,18.9
cordoba,Córdoba,centro,-31.4201,-64.1888,2025-09-30,24.3,15.8,20.1
cordoba,Córdoba,centro,-31.4201,-64.1888,2025-10-01,23.7,12.7,18.2
cordoba,Córdoba,centro,-31.4201,-64.1888,2025-10-02,27.0,12.9,19.9
cordoba,Córdoba,centro,-31.4201,-64.1888,2025-10-03,30.3,14.4,22.4
cordoba,Córdoba,centro,-31.4201,-64.1888,2025-10-04,34.9,19.2,27.0
cordoba,Córdoba,centro,-31.4201,-64.1888,2025-10-05,22.1,12.6,17.4
cordoba,Córdoba,centro,-31.4201,-64.1888,2025-10-06,19.8,8.3,14.1
cordoba,Córdoba,centro,-31.4201,-64.1888,2025-10-07,25.4,6.8,16.1
cordoba,Córdoba,centro,-31.4201,-64.1888,2025-10-08,26.8,10.7,18.8
cordoba,Córdoba,centro,-31.4201,-64.1888,2025-10-09,31.5,11.7,21.6
cordoba,Córdoba,centro,-31.4201,-64.1888,2025-10-10,33.2,11.6,22.4
cordoba,Córdoba,centro,-31.4201,-64.1888,2025-10-11,33.6,16.5,25.1
cordoba,Córdoba,centro,-31.4201,-64.1888,2025-10-12,26.2,14.3,20.2
cordoba,Córdoba,centro,-31.4201,-64.1888,2025-10-13,29.3,10.5,19.9
cordoba,Córdoba,centro,-31.4201,-64.1888,2025-10-14,30.1,14.9,22.5
cordoba,Córdoba,centro,-31.4201,-64.1888,2025-10-15,32.2,15.5,23.9
cordoba,Córdoba,centro,-31.4201,-64.1888,2025-10-16,29.5,18.7,24.1
cordoba,Córdoba,centro,-31.4201,-64.1888,2025-10-17,22.0,15.6,18.8
cordoba,Córdoba,centro,-31.4201,-64.1888,2025-10-18,24.6,11.9,18.2
cordoba,Córdoba,centro,-31.4201,-64.1888,2025-10-19,26.3,12.1,19.2
cordoba,Córdoba,centro,-31.4201,-64.1888,2025-10-20,28.1,14.1,21.1
cordoba,Córdoba,centro,-31.4201,-64.1888,2025-10-21,33.1,16.8,25.0
cordoba,Córdoba,centro,-31.4201,-64.1888,2025-10-22,30.6,18.9,24.8
cordoba,Córdoba,centro,-31.4201,-64.1888,2025-10-23,34.7,19.3,27.0
cordoba,Córdoba,centro,-31.4201,-64.1888,2025-10-24,26.9,18.1,22.5
cordoba,Córdoba,centro,-31.4201,-64.1888,2025-10-25,20.7,13.9,17.3
cordoba,Córdoba,centro,-31.4201,-64.1888,2025-10-26,25.3,11.0,18.1
cordoba,Córdoba,centro,-31.4201,-64.1888,2025-10-27,15.2,7.2,11.2
cordoba,Córdoba,centro,-31.4201,-64.1888,2025-10-28,11.5,5.7,8.6
cordoba,Córdoba,centro,-31.4201,-64.1888,2025-10-29,16.7,7.6,12.1
cordoba,Córdoba,centro,-31.4201,-64.1888,2025-10-30,22.5,9.4,15.9
cordoba,Córdoba,centro,-31.4201,-64.1888,2025-10-31,29.2,11.8,20.5
cordoba,Córdoba,centro,-31.4201,-64.1888,2025-11-01,22.9,15.7,19.3
cordoba,Córdoba,centro,-31.4201,-64.1888,2025-11-02,28.7,12.9,20.8
cordoba,Córdoba,centro,-31.4201,-64.1888,2025-11-03,30.7,12.3,21.5
cordoba,Córdoba,centro,-31.4201,-64.1888,2025-11-04,27.5,18.5,23.0
cordoba,Córdoba,centro,-31.4201,-64.1888,2025-11-05,26.7,17.4,22.0
cordoba,Córdoba,centro,-31.4201,-64.1888,2025-11-06,22.4,14.6,18.5
cordoba,Córdoba,centro,-31.4201,-64.1888,2025-11-07,17.4,12.1,14.8
cordoba,Córdoba,centro,-31.4201,-64.1888,2025-11-08,20.6,8.0,14.3
cordoba,Córdoba,centro,-31.4201,-64.1888,2025-11-09,23.1,10.7,16.9
cordoba,Córdoba,centro,-31.4201,-64.1888,2025-11-10,25.7,13.3,19.5
cordoba,Córdoba,centro,-31.4201,-64.1888,2025-11-11,33.8,15.8,24.8
cordoba,Córdoba,centro,-31.4201,-64.1888,2025-11-12,24.2,16.2,20.2
cordoba,Córdoba,centro,-31.4201,-64.1888,2025-11-13,25.6,13.9,19.8
cordoba,Córdoba,centro,-31.4201,-64.1888,2025-11-14,29.2,14.9,22.1
cordoba,Córdoba,centro,-31.4201,-64.1888,2025-11-15,30.4,18.5,24.4
cordoba,Córdoba,centro,-31.4201,-64.1888,2025-11-16,25.7,16.2,20.9
cordoba,Córdoba,centro,-31.4201,-64.1888,2025-11-17,27.8,10.8,19.3
cordoba,Córdoba,centro,-31.4201,-64.1888,2025-11-18,33.7,15.4,24.6
cordoba,Córdoba,centro,-31.4201,-64.1888,2025-11-19,33.1,16.2,24.6
cordoba,Córdoba,centro,-31.4201,-64.1888,2025-11-20,37.2,19.3,28.2
cordoba,Córdoba,centro,-31.4201,-64.1888,2025-11-21,26.7,16.3,21.5
cordoba,Córdoba,centro,-31.4201,-64.1888,2025-11-22,27.3,12.8,20.1
cordoba,Córdoba,centro,-31.4201,-64.1888,2025-11-23,28.9,13.9,21.4
cordoba,Córdoba,centro,-31.4201,-64.1888,2025-11-24,32.3,16.0,24.1
cordoba,Córdoba,centro,-31.4201,-64.1888,2025-11-25,35.4,16.5,25.9
cordoba,Córdoba,centro,-31.4201,-64.1888,2025-11-26,33.8,18.9,26.3
cordoba,Córdoba,centro,-31.4201,-64.1888,2025-11-27,32.2,19.5,25.9
cordoba,Córdoba,centro,-31.4201,-64.1888,2025-11-28,30.1,21.7,25.9
cordoba,Córdoba,centro,-31.4201,-64.1888,2025-11-29,32.4,20.4,26.4
cordoba,Córdoba,centro,-31.4201,-64.1888,2025-11-30,28.3,19.2,23.8
cordoba,Córdoba,centro,-31.4201,-64.1888,2025-12-01,24.2,17.5,20.9
cordoba,Córdoba,centro,-31.4201,-64.1888,2025-12-02,26.5,16.0,21.2
cordoba,Córdoba,centro,-31.4201,-64.1888,2025-12-03,31.5,14.5,23.0
cordoba,Córdoba,centro,-31.4201,-64.1888,2025-12-04,35.6,19.1,27.4
cordoba,Córdoba,centro,-31.4201,-64.1888,2025-12-05,36.6,20.5,28.6
cordoba,Córdoba,centro,-31.4201,-64.1888,2025-12-06,27.9,21.8,24.9
cordoba,Córdoba,centro,-31.4201,-64.1888,2025-12-07,22.6,16.5,19.6
cordoba,Córdoba,centro,-31.4201,-64.1888,2025-12-08,26.1,16.2,21.1
cordoba,Córdoba,centro,-31.4201,-64.1888,2025-12-09,28.9,12.9,20.9
cordoba,Córdoba,centro,-31.4201,-64.1888,2025-12-10,33.0,14.6,23.8
cordoba,Córdoba,centro,-31.4201,-64.1888,2025-12-11,29.9,18.9,24.4
cordoba,Córdoba,centro,-31.4201,-64.1888,2025-12-12,34.7,16.9,25.8
cordoba,Córdoba,centro,-31.4201,-64.1888,2025-12-13,35.8,19.4,27.6
cordoba,Córdoba,centro,-31.4201,-64.1888,2025-12-14,26.3,17.0,21.6
cordoba,Córdoba,centro,-31.4201,-64.1888,2025-12-15,25.4,13.4,19.4
cordoba,Córdoba,centro,-31.4201,-64.1888,2025-12-16,29.3,14.1,21.7
cordoba,Córdoba,centro,-31.4201,-64.1888,2025-12-17,31.7,16.8,24.2
cordoba,Córdoba,centro,-31.4201,-64.1888,2025-12-18,34.0,16.7,25.4
cordoba,Córdoba,centro,-31.4201,-64.1888,2025-12-19,35.0,19.8,27.4
cordoba,Córdoba,centro,-31.4201,-64.1888,2025-12-20,29.4,21.6,25.5
cordoba,Córdoba,centro,-31.4201,-64.1888,2025-12-21,30.3,19.5,24.9
cordoba,Córdoba,centro,-31.4201,-64.1888,2025-12-22,27.7,18.8,23.2
cordoba,Córdoba,centro,-31.4201,-64.1888,2025-12-23,31.5,18.7,25.1
cordoba,Córdoba,centro,-31.4201,-64.1888,2025-12-24,34.5,20.8,27.6
cordoba,Córdoba,centro,-31.4201,-64.1888,2025-12-25,30.7,19.5,25.1
cordoba,Córdoba,centro,-31.4201,-64.1888,2025-12-26,33.0,17.0,25.0
cordoba,Córdoba,centro,-31.4201,-64.1888,2025-12-27,32.1,21.8,27.0
cordoba,Córdoba,centro,-31.4201,-64.1888,2025-12-28,32.8,20.7,26.8
cordoba,Córdoba,centro,-31.4201,-64.1888,2025-12-29,31.8,22.5,27.1
cordoba,Córdoba,centro,-31.4201,-64.1888,2025-12-30,34.4,21.4,27.9
cordoba,Córdoba,centro,-31.4201,-64.1888,2025-12-31,36.0,22.2,29.1
cordoba,Córdoba,centro,-31.4201,-64.1888,2026-01-01,35.5,23.1,29.3
cordoba,Córdoba,centro,-31.4201,-64.1888,2026-01-02,30.7,21.6,26.1
cordoba,Córdoba,centro,-31.4201,-64.1888,2026-01-03,28.4,21.4,24.9
cordoba,Córdoba,centro,-31.4201,-64.1888,2026-01-04,29.6,16.0,22.8
cordoba,Córdoba,centro,-31.4201,-64.1888,2026-01-05,31.6,17.8,24.7
cordoba,Córdoba,centro,-31.4201,-64.1888,2026-01-06,34.1,19.2,26.6
cordoba,Córdoba,centro,-31.4201,-64.1888,2026-01-07,31.7,18.2,24.9
cordoba,Córdoba,centro,-31.4201,-64.1888,2026-01-08,23.4,14.7,19.0
cordoba,Córdoba,centro,-31.4201,-64.1888,2026-01-09,23.2,14.1,18.6
cordoba,Córdoba,centro,-31.4201,-64.1888,2026-01-10,26.4,15.2,20.8
cordoba,Córdoba,centro,-31.4201,-64.1888,2026-01-11,30.5,15.8,23.1
cordoba,Córdoba,centro,-31.4201,-64.1888,2026-01-12,31.6,17.1,24.4
cordoba,Córdoba,centro,-31.4201,-64.1888,2026-01-13,29.5,19.1,24.3
cordoba,Córdoba,centro,-31.4201,-64.1888,2026-01-14,30.3,17.4,23.9
cordoba,Córdoba,centro,-31.4201,-64.1888,2026-01-15,27.8,21.0,24.4
cordoba,Córdoba,centro,-31.4201,-64.1888,2026-01-16,30.3,21.5,25.9
cordoba,Córdoba,centro,-31.4201,-64.1888,2026-01-17,32.8,19.9,26.3
cordoba,Córdoba,centro,-31.4201,-64.1888,2026-01-18,25.3,20.1,22.7
cordoba,Córdoba,centro,-31.4201,-64.1888,2026-01-19,24.9,15.1,20.0
cordoba,Córdoba,centro,-31.4201,-64.1888,2026-01-20,29.1,15.6,22.4
cordoba,Córdoba,centro,-31.4201,-64.1888,2026-01-21,30.9,17.2,24.0
cordoba,Córdoba,centro,-31.4201,-64.1888,2026-01-22,31.8,19.3,25.6
cordoba,Córdoba,centro,-31.4201,-64.1888,2026-01-23,35.0,19.2,27.1
cordoba,Córdoba,centro,-31.4201,-64.1888,2026-01-24,32.3,22.2,27.2
cordoba,Córdoba,centro,-31.4201,-64.1888,2026-01-25,33.9,21.5,27.7
cordoba,Córdoba,centro,-31.4201,-64.1888,2026-01-26,26.5,18.7,22.6
cordoba,Córdoba,centro,-31.4201,-64.1888,2026-01-27,26.2,20.0,23.1
cordoba,Córdoba,centro,-31.4201,-64.1888,2026-01-28,31.2,19.4,25.3
cordoba,Córdoba,centro,-31.4201,-64.1888,2026-01-29,34.8,19.5,27.1
cordoba,Córdoba,centro,-31.4201,-64.1888,2026-01-30,33.6,19.6,26.6
cordoba,Córdoba,centro,-31.4201,-64.1888,2026-01-31,32.8,22.6,27.7
cordoba,Córdoba,centro,-31.4201,-64.1888,2026-02-01,25.6,20.0,22.8
cordoba,Córdoba,centro,-31.4201,-64.1888,2026-02-02,30.5,18.2,24.4
cordoba,Córdoba,centro,-31.4201,-64.1888,2026-02-03,34.7,18.9,26.8
cordoba,Córdoba,centro,-31.4201,-64.1888,2026-02-04,28.4,21.9,25.1
cordoba,Córdoba,centro,-31.4201,-64.1888,2026-02-05,27.1,20.5,23.8
cordoba,Córdoba,centro,-31.4201,-64.1888,2026-02-06,24.0,18.1,21.1
cordoba,Córdoba,centro,-31.4201,-64.1888,2026-02-07,28.0,16.9,22.4
cordoba,Córdoba,centro,-31.4201,-64.1888,2026-02-08,29.5,17.3,23.4
cordoba,Córdoba,centro,-31.4201,-64.1888,2026-02-09,26.1,19.9,23.0
cordoba,Córdoba,centro,-31.4201,-64.1888,2026-02-10,29.6,14.5,22.1
cordoba,Córdoba,centro,-31.4201,-64.1888,2026-02-11,24.9,19.6,22.2
cordoba,Córdoba,centro,-31.4201,-64.1888,2026-02-12,26.5,16.2,21.4
cordoba,Córdoba,centro,-31.4201,-64.1888,2026-02-13,26.7,17.1,21.9
cordoba,Córdoba,centro,-31.4201,-64.1888,2026-02-14,29.1,19.0,24.1
cordoba,Córdoba,centro,-31.4201,-64.1888,2026-02-15,28.6,19.5,24.1
cordoba,Córdoba,centro,-31.4201,-64.1888,2026-02-16,26.5,17.8,22.1
cordoba,Córdoba,centro,-31.4201,-64.1888,2026-02-17,30.5,20.0,25.2
cordoba,Córdoba,centro,-31.4201,-64.1888,2026-02-18,31.2,23.4,27.3
cordoba,Córdoba,centro,-31.4201,-64.1888,2026-02-19,27.3,20.6,24.0
cordoba,Córdoba,centro,-31.4201,-64.1888,2026-02-20,29.2,15.7,22.4
cordoba,Córdoba,centro,-31.4201,-64.1888,2026-02-21,26.2,19.9,23.0
cordoba,Córdoba,centro,-31.4201,-64.1888,2026-02-22,28.3,18.8,23.6
cordoba,Córdoba,centro,-31.4201,-64.1888,2026-02-23,29.5,18.2,23.9
cordoba,Córdoba,centro,-31.4201,-64.1888,2026-02-24,32.3,18.3,25.3
cordoba,Córdoba,centro,-31.4201,-64.1888,2026-02-25,25.6,17.1,21.4
cordoba,Córdoba,centro,-31.4201,-64.1888,2026-02-26,23.3,15.6,19.4
cordoba,Córdoba,centro,-31.4201,-64.1888,2026-02-27,27.4,15.1,21.2
cordoba,Córdoba,centro,-31.4201,-64.1888,2026-02-28,28.9,18.0,23.4
cordoba,Córdoba,centro,-31.4201,-64.1888,2026-03-01,30.8,18.4,24.6
cordoba,Córdoba,centro,-31.4201,-64.1888,2026-03-02,32.8,19.9,26.3
cordoba,Córdoba,centro,-31.4201,-64.1888,2026-03-03,24.6,17.0,20.8
cordoba,Córdoba,centro,-31.4201,-64.1888,2026-03-04,28.3,16.6,22.5
cordoba,Córdoba,centro,-31.4201,-64.1888,2026-03-05,23.2,16.5,19.9
cordoba,Córdoba,centro,-31.4201,-64.1888,2026-03-06,23.7,16.4,20.0
cordoba,Córdoba,centro,-31.4201,-64.1888,2026-03-07,24.6,17.8,21.2
cordoba,Córdoba,centro,-31.4201,-64.1888,2026-03-08,22.0,15.5,18.8
cordoba,Córdoba,centro,-31.4201,-64.1888,2026-03-09,23.9,15.4,19.6
cordoba,Córdoba,centro,-31.4201,-64.1888,2026-03-10,23.9,18.1,21.0
cordoba,Córdoba,centro,-31.4201,-64.1888,2026-03-11,25.1,15.8,20.5
cordoba,Córdoba,centro,-31.4201,-64.1888,2026-03-12,25.7,17.1,21.4
cordoba,Córdoba,centro,-31.4201,-64.1888,2026-03-13,27.7,17.1,22.4
cordoba,Córdoba,centro,-31.4201,-64.1888,2026-03-14,24.1,17.6,20.9
cordoba,Córdoba,centro,-31.4201,-64.1888,2026-03-15,27.9,16.8,22.4
cordoba,Córdoba,centro,-31.4201,-64.1888,2026-03-16,28.1,19.6,23.9
cordoba,Córdoba,centro,-31.4201,-64.1888,2026-03-17,27.4,18.7,23.0
cordoba,Córdoba,centro,-31.4201,-64.1888,2026-03-18,26.5,17.1,21.8
cordoba,Córdoba,centro,-31.4201,-64.1888,2026-03-19,28.8,18.0,23.4
cordoba,Córdoba,centro,-31.4201,-64.1888,2026-03-20,28.0,19.7,23.9
cordoba,Córdoba,centro,-31.4201,-64.1888,2026-03-21,22.1,15.2,18.6
cordoba,Córdoba,centro,-31.4201,-64.1888,2026-03-22,22.8,12.1,17.4
cordoba,Córdoba,centro,-31.4201,-64.1888,2026-03-23,21.3,14.4,17.9
cordoba,Córdoba,centro,-31.4201,-64.1888,2026-03-24,25.8,10.0,17.9
cordoba,Córdoba,centro,-31.4201,-64.1888,2026-03-25,24.1,13.1,18.6
cordoba,Córdoba,centro,-31.4201,-64.1888,2026-03-26,24.4,14.5,19.4
cordoba,Córdoba,centro,-31.4201,-64.1888,2026-03-27,23.8,17.2,20.5
cordoba,Córdoba,centro,-31.4201,-64.1888,2026-03-28,27.7,20.2,23.9
cordoba,Córdoba,centro,-31.4201,-64.1888,2026-03-29,30.5,21.7,26.1
cordoba,Córdoba,centro,-31.4201,-64.1888,2026-03-30,32.0,21.3,26.6
cordoba,Córdoba,centro,-31.4201,-64.1888,2026-03-31,33.2,22.6,27.9
cordoba,Córdoba,centro,-31.4201,-64.1888,2026-04-01,32.7,22.3,27.5
cordoba,Córdoba,centro,-31.4201,-64.1888,2026-04-02,23.8,20.5,22.1
cordoba,Córdoba,centro,-31.4201,-64.1888,2026-04-03,28.5,19.8,24.1
cordoba,Córdoba,centro,-31.4201,-64.1888,2026-04-04,22.2,13.4,17.8
cordoba,Córdoba,centro,-31.4201,-64.1888,2026-04-05,13.5,11.6,12.6
cordoba,Córdoba,centro,-31.4201,-64.1888,2026-04-06,15.7,11.4,13.6
cordoba,Córdoba,centro,-31.4201,-64.1888,2026-04-07,20.0,12.9,16.4
cordoba,Córdoba,centro,-31.4201,-64.1888,2026-04-08,19.6,13.2,16.4
cordoba,Córdoba,centro,-31.4201,-64.1888,2026-04-09,21.2,10.7,15.9
cordoba,Córdoba,centro,-31.4201,-64.1888,2026-04-10,23.4,11.5,17.4
cordoba,Córdoba,centro,-31.4201,-64.1888,2026-04-11,23.4,13.7,18.5
cordoba,Córdoba,centro,-31.4201,-64.1888,2026-04-12,25.7,13.0,19.4
cordoba,Córdoba,centro,-31.4201,-64.1888,2026-04-13,22.8,15.0,18.9
cordoba,Córdoba,centro,-31.4201,-64.1888,2026-04-14,20.9,17.9,19.4
cordoba,Córdoba,centro,-31.4201,-64.1888,2026-04-15,24.2,17.1,20.6
cordoba,Córdoba,centro,-31.4201,-64.1888,2026-04-16,25.8,14.4,20.1
cordoba,Córdoba,centro,-31.4201,-64.1888,2026-04-17,26.5,13.5,20.0
cordoba,Córdoba,centro,-31.4201,-64.1888,2026-04-18,26.4,17.5,21.9
cordoba,Córdoba,centro,-31.4201,-64.1888,2026-04-19,21.2,15.4,18.3
cordoba,Córdoba,centro,-31.4201,-64.1888,2026-04-20,17.3,12.9,15.1
cordoba,Córdoba,centro,-31.4201,-64.1888,2026-04-21,18.1,12.4,15.2
cordoba,Córdoba,centro,-31.4201,-64.1888,2026-04-22,16.4,12.2,14.3
cordoba,Córdoba,centro,-31.4201,-64.1888,2026-04-23,21.7,10.5,16.1
cordoba,Córdoba,centro,-31.4201,-64.1888,2026-04-24,24.4,13.7,19.0
cordoba,Córdoba,centro,-31.4201,-64.1888,2026-04-25,19.5,13.8,16.6
cordoba,Córdoba,centro,-31.4201,-64.1888,2026-04-26,19.0,9.2,14.1
cordoba,Córdoba,centro,-31.4201,-64.1888,2026-04-27,15.2,4.7,9.9
cordoba,Córdoba,centro,-31.4201,-64.1888,2026-04-28,21.2,6.6,13.9
cordoba,Córdoba,centro,-31.4201,-64.1888,2026-04-29,24.9,6.6,15.8
cordoba,Córdoba,centro,-31.4201,-64.1888,2026-04-30,23.5,9.7,16.6
cordoba,Córdoba,centro,-31.4201,-64.1888,2026-05-01,25.5,11.7,18.6
cordoba,Córdoba,centro,-31.4201,-64.1888,2026-05-02,17.7,10.9,14.3
cordoba,Córdoba,centro,-31.4201,-64.1888,2026-05-03,18.7,8.3,13.5
cordoba,Córdoba,centro,-31.4201,-64.1888,2026-05-04,23.8,6.8,15.3
cordoba,Córdoba,centro,-31.4201,-64.1888,2026-05-05,26.3,11.7,19.0
cordoba,Córdoba,centro,-31.4201,-64.1888,2026-05-06,30.0,16.1,23.1
cordoba,Córdoba,centro,-31.4201,-64.1888,2026-05-07,21.1,11.7,16.4
cordoba,Córdoba,centro,-31.4201,-64.1888,2026-05-08,17.8,7.2,12.5
cordoba,Córdoba,centro,-31.4201,-64.1888,2026-05-09,14.4,5.8,10.1
cordoba,Córdoba,centro,-31.4201,-64.1888,2026-05-10,16.0,2.6,9.3
cordoba,Córdoba,centro,-31.4201,-64.1888,2026-05-11,22.1,3.9,13.0
cordoba,Córdoba,centro,-31.4201,-64.1888,2026-05-12,25.2,6.7,15.9
cordoba,Córdoba,centro,-31.4201,-64.1888,2026-05-13,19.3,8.6,13.9
cordoba,Córdoba,centro,-31.4201,-64.1888,2026-05-14,16.2,9.1,12.6
cordoba,Córdoba,centro,-31.4201,-64.1888,2026-05-15,17.9,7.7,12.8
cordoba,Córdoba,centro,-31.4201,-64.1888,2026-05-16,14.6,6.7,10.7
cordoba,Córdoba,centro,-31.4201,-64.1888,2026-05-17,13.0,4.6,8.8
cordoba,Córdoba,centro,-31.4201,-64.1888,2026-05-18,14.8,1.4,8.1
cordoba,Córdoba,centro,-31.4201,-64.1888,2026-05-19,18.3,1.8,10.1
cordoba,Córdoba,centro,-31.4201,-64.1888,2026-05-20,17.7,3.9,10.8
cordoba,Córdoba,centro,-31.4201,-64.1888,2026-05-21,14.4,5.2,9.8
cordoba,Córdoba,centro,-31.4201,-64.1888,2026-05-22,13.4,3.5,8.4
cordoba,Córdoba,centro,-31.4201,-64.1888,2026-05-23,14.3,2.9,8.6
cordoba,Córdoba,centro,-31.4201,-64.1888,2026-05-24,15.8,5.4,10.6
cordoba,Córdoba,centro,-31.4201,-64.1888,2026-05-25,17.8,5.0,11.4
cordoba,Córdoba,centro,-31.4201,-64.1888,2026-05-26,18.6,5.3,12.0
cordoba,Córdoba,centro,-31.4201,-64.1888,2026-05-27,18.7,8.6,13.6
cordoba,Córdoba,centro,-31.4201,-64.1888,2026-05-28,16.9,11.3,14.1
cordoba,Córdoba,centro,-31.4201,-64.1888,2026-05-29,18.1,12.2,15.2
cordoba,Córdoba,centro,-31.4201,-64.1888,2026-05-30,19.2,9.9,14.6
cordoba,Córdoba,centro,-31.4201,-64.1888,2026-05-31,21.9,8.3,15.1
cordoba,Córdoba,centro,-31.4201,-64.1888,2026-06-01,19.2,13.9,16.6
cordoba,Córdoba,centro,-31.4201,-64.1888,2026-06-02,15.7,11.8,13.8
cordoba,Córdoba,centro,-31.4201,-64.1888,2026-06-03,16.2,11.7,13.9
cordoba,Córdoba,centro,-31.4201,-64.1888,2026-06-04,20.8,13.6,17.2
cordoba,Córdoba,centro,-31.4201,-64.1888,2026-06-05,21.2,14.1,17.6
cordoba,Córdoba,centro,-31.4201,-64.1888,2026-06-06,17.9,14.7,16.3
cordoba,Córdoba,centro,-31.4201,-64.1888,2026-06-07,16.2,12.7,14.4
cordoba,Córdoba,centro,-31.4201,-64.1888,2026-06-08,15.8,9.2,12.5
cordoba,Córdoba,centro,-31.4201,-64.1888,2026-06-09,14.6,9.6,12.1
cordoba,Córdoba,centro,-31.4201,-64.1888,2026-06-10,15.3,10.0,12.7
cordoba,Córdoba,centro,-31.4201,-64.1888,2026-06-11,16.9,9.2,13.0
cordoba,Córdoba,centro,-31.4201,-64.1888,2026-06-12,19.3,6.1,12.7
cordoba,Córdoba,centro,-31.4201,-64.1888,2026-06-13,16.7,6.7,11.7
cordoba,Córdoba,centro,-31.4201,-64.1888,2026-06-14,10.9,5.2,8.1
cordoba,Córdoba,centro,-31.4201,-64.1888,2026-06-15,16.6,3.9,10.2
cordoba,Córdoba,centro,-31.4201,-64.1888,2026-06-16,19.3,5.1,12.2
cordoba,Córdoba,centro,-31.4201,-64.1888,2026-06-17,17.0,6.7,11.8
cordoba,Córdoba,centro,-31.4201,-64.1888,2026-06-18,15.6,11.6,13.6
cordoba,Córdoba,centro,-31.4201,-64.1888,2026-06-19,17.1,7.7,12.4
cordoba,Córdoba,centro,-31.4201,-64.1888,2026-06-20,20.1,6.4,13.2
cordoba,Córdoba,centro,-31.4201,-64.1888,2026-06-21,14.7,6.5,10.6
cordoba,Córdoba,centro,-31.4201,-64.1888,2026-06-22,13.8,4.0,8.9
cordoba,Córdoba,centro,-31.4201,-64.1888,2026-06-23,14.9,2.1,8.5
cordoba,Córdoba,centro,-31.4201,-64.1888,2026-06-24,14.1,2.0,8.1
cordoba,Córdoba,centro,-31.4201,-64.1888,2026-06-25,16.5,2.7,9.6
cordoba,Córdoba,centro,-31.4201,-64.1888,2026-06-26,20.1,5.5,12.8
cordoba,Córdoba,centro,-31.4201,-64.1888,2026-06-27,17.4,4.1,10.8
cordoba,Córdoba,centro,-31.4201,-64.1888,2026-06-28,14.9,7.0,10.9
cordoba,Córdoba,centro,-31.4201,-64.1888,2026-06-29,14.5,1.8,8.2
cordoba,Córdoba,centro,-31.4201,-64.1888,2026-06-30,14.7,3.8,9.2
cordoba,Córdoba,centro,-31.4201,-64.1888,2026-07-01,9.6,5.0,7.3
cordoba,Córdoba,centro,-31.4201,-64.1888,2026-07-02,6.8,3.9,5.3
cordoba,Córdoba,centro,-31.4201,-64.1888,2026-07-03,7.4,0.8,4.1
cordoba,Córdoba,centro,-31.4201,-64.1888,2026-07-04,8.8,0.7,4.8
cordoba,Córdoba,centro,-31.4201,-64.1888,2026-07-05,12.0,1.6,6.8
cordoba,Córdoba,centro,-31.4201,-64.1888,2026-07-06,16.8,1.5,9.2
cordoba,Córdoba,centro,-31.4201,-64.1888,2026-07-07,20.3,3.7,12.0
cordoba,Córdoba,centro,-31.4201,-64.1888,2026-07-08,19.6,5.5,12.6
cordoba,Córdoba,centro,-31.4201,-64.1888,2026-07-09,22.7,8.2,15.4
cordoba,Córdoba,centro,-31.4201,-64.1888,2026-07-10,16.2,6.6,11.4
cordoba,Córdoba,centro,-31.4201,-64.1888,2026-07-11,14.2,5.4,9.8
cordoba,Córdoba,centro,-31.4201,-64.1888,2026-07-12,13.6,5.4,9.5
cordoba,Córdoba,centro,-31.4201,-64.1888,2026-07-13,18.0,5.1,11.6
cordoba,Córdoba,centro,-31.4201,-64.1888,2026-07-14,20.1,7.6,13.9
cordoba,Córdoba,centro,-31.4201,-64.1888,2026-07-15,22.3,10.4,16.4
cordoba,Córdoba,centro,-31.4201,-64.1888,2026-07-16,27.8,10.2,19.0
cordoba,Córdoba,centro,-31.4201,-64.1888,2026-07-17,23.4,15.0,19.2
cordoba,Córdoba,centro,-31.4201,-64.1888,2026-07-18,19.0,11.3,15.2
cordoba,Córdoba,centro,-31.4201,-64.1888,2026-07-19,16.4,10.7,13.5
cordoba,Córdoba,centro,-31.4201,-64.1888,2026-07-20,15.9,9.0,12.4
cordoba,Córdoba,centro,-31.4201,-64.1888,2026-07-21,12.1,7.9,10.0
cordoba,Córdoba,centro,-31.4201,-64.1888,2026-07-22,12.2,6.7,9.4
cordoba,Córdoba,centro,-31.4201,-64.1888,2026-07-23,13.1,7.2,10.2
cordoba,Córdoba,centro,-31.4201,-64.1888,2026-07-24,15.8,7.1,11.4
cordoba,Córdoba,centro,-31.4201,-64.1888,2026-07-25,19.7,8.5,14.1
cordoba,Córdoba,centro,-31.4201,-64.1888,2026-07-26,19.7,8.5,14.1
cordoba,Córdoba,centro,-31.4201,-64.1888,2026-07-27,26.3,11.2,18.8
cordoba,Córdoba,centro,-31.4201,-64.1888,2026-07-28,21.0,11.2,16.1
cordoba,Córdoba,centro,-31.4201,-64.1888,2026-07-29,18.6,13.1,15.9
cordoba,Córdoba,centro,-31.4201,-64.1888,2026-07-30,18.7,11.4,15.1
cordoba,Córdoba,centro,-31.4201,-64.1888,2026-07-31,26.9,15.6,21.2
cordoba,Córdoba,centro,-31.4201,-64.1888,2026-08-01,21.3,12.5,16.9
cordoba,Córdoba,centro,-31.4201,-64.1888,2026-08-02,24.8,11.6,18.2
cordoba,Córdoba,centro,-31.4201,-64.1888,2026-08-03,20.6,11.4,16.0
cordoba,Córdoba,centro,-31.4201,-64.1888,2026-08-04,20.3,13.0,16.6
cordoba,Córdoba,centro,-31.4201,-64.1888,2026-08-05,20.9,11.3,16.1
cordoba,Córdoba,centro,-31.4201,-64.1888,2026-08-06,17.7,8.4,13.1
cordoba,Córdoba,centro,-31.4201,-64.1888,2026-08-07,16.7,3.1,9.9
cordoba,Córdoba,centro,-31.4201,-64.1888,2026-08-08,13.8,4.6,9.2
cordoba,Córdoba,centro,-31.4201,-64.1888,2026-08-09,15.2,1.8,8.5
cordoba,Córdoba,centro,-31.4201,-64.1888,2026-08-10,12.7,1.3,7.0
cordoba,Córdoba,centro,-31.4201,-64.1888,2026-08-11,10.7,3.2,6.9
cordoba,Córdoba,centro,-31.4201,-64.1888,2026-08-12,13.8,3.2,8.5
cordoba,Córdoba,centro,-31.4201,-64.1888,2026-08-13,12.7,7.0,9.8
cordoba,Córdoba,centro,-31.4201,-64.1888,2026-08-14,12.4,7.9,10.2
cordoba,Córdoba,centro,-31.4201,-64.1888,2026-08-15,14.6,7.8,11.2
cordoba,Córdoba,centro,-31.4201,-64.1888,2026-08-16,19.1,6.9,13.0
cordoba,Córdoba,centro,-31.4201,-64.1888,2026-08-17,15.2,9.1,12.1
cordoba,Córdoba,centro,-31.4201,-64.1888,2026-08-18,14.8,7.3,11.1
cordoba,Córdoba,centro,-31.4201,-64.1888,2026-08-19,17.5,4.0,10.8
cordoba,Córdoba,centro,-31.4201,-64.1888,2026-08-20,24.4,5.1,14.8
cordoba,Córdoba,centro,-31.4201,-64.1888,2026-08-21,13.8,7.6,10.7
cordoba,Córdoba,centro,-31.4201,-64.1888,2026-08-22,15.4,2.7,9.1
cordoba,Córdoba,centro,-31.4201,-64.1888,2026-08-23,14.4,4.3,9.3
cordoba,Córdoba,centro,-31.4201,-64.1888,2026-08-24,17.9,9.2,13.5
cordoba,Córdoba,centro,-31.4201,-64.1888,2026-08-25,20.4,8.1,14.2
cordoba,Córdoba,centro,-31.4201,-64.1888,2026-08-26,26.2,11.3,18.8
cordoba,Córdoba,centro,-31.4201,-64.1888,2026-08-27,17.5,11.6,14.6
cordoba,Córdoba,centro,-31.4201,-64.1888,2026-08-28,20.8,8.3,14.6
cordoba,Córdoba,centro,-31.4201,-64.1888,2026-08-29,21.0,9.2,15.1
cordoba,Córdoba,centro,-31.4201,-64.1888,2026-08-30,21.5,8.2,14.8
cordoba,Córdoba,centro,-31.4201,-64.1888,2026-08-31,22.2,9.6,15.9
cordoba,Córdoba,centro,-31.4201,-64.1888,2026-09-01,22.7,8.6,15.6
cordoba,Córdoba,centro,-31.4201,-64.1888,2026-09-02,27.9,10.1,19.0
cordoba,Córdoba,centro,-31.4201,-64.1888,2026-09-03,20.3,11.3,15.8
cordoba,Córdoba,centro,-31.4201,-64.1888,2026-09-04,20.6,8.2,14.4
cordoba,Córdoba,centro,-31.4201,-64.1888,2026-09-05,12.9,7.3,10.1
cordoba,Córdoba,centro,-31.4201,-64.1888,2026-09-06,11.0,5.3,8.2
cordoba,Córdoba,centro,-31.4201,-64.1888,2026-09-07,15.0,4.3,9.7
